CDSCode,1100,1200,1300,1900,2100,2200,2300,2400,2900,3101-3102,3201-3202,3301-3302,3401-3402,3501-3502,3601-3602,3701-3702,3801-3802,3901-3902,4100,4200,4300,4400,4700,5200,5300,5400,5500,5600,5800,5900,6200,6300,6400,6500,6900,7110-7143,7211-7213,7221-7223AO,7221-7223SE,7438,7439,7630-7699,8011,8015,8019,8020-8039,8040-8079,8080-8089,"8091, 8097",8092,"8110, 8260-8299","8181, 8182",8220,8290,8930-8979,8980-8999,9110,9111,9120,9130,9135,9140,9150,9200,9290,9320,9330,9340,9400-9499,9500,9590,9640,9650,9660-9669,9711,9712,9713,9719,9730,9740,9770,"9775, 9780",9790,9791,"9793, 9795",LocalRevAO,StateRevAO,StateRevSE
10041046119523,107990.34,0.0,0.0,0.0,14872.5,1900.0,10675.0,23130.0,11948.75,4748.95,4486.3,6565.86,19709.0,567.53,1763.25,62.85,0.0,0.0,0.0,4050.42,28332.65,10935.86,192.52,6464.72,500.0,2708.1,4949.98,45866.2,29321.71,2562.43,0.0,0.0,0.0,0.0,0.0,0.0,0.0,0.0,0.0,0.0,0.0,0.0,0.0,114342.79,0.0,0.0,0.0,0.0,0.0,0.0,85325.0,0.0,0.0,0.0,0.0,0.0,0.0,0.0,112509.22,0.0,0.0,0.0,0.0,743.05,9295.0,0.0,3400.0,0.0,0.0,17274.38,0.0,0.0,0.0,0.0,0.0,0.0,3400.0,0.0,11561.6808,0.0,0.0,93711.2092,0.0,71312.12,0.0,21780.1,54587.47,0.0
10108106085112,1557110.0,0.0,171851.0,30020.0,83683.0,138905.0,62889.0,64695.0,0.0,139380.0,18198.0,63982.0,359014.0,12773.0,44175.0,0.0,0.0,0.0,5832.0,1625.0,35296.0,3121.0,0.0,12237.0,0.0,27236.0,109000.0,31499.0,1042282.0,5154.0,0.0,0.0,0.0,0.0,0.0,0.0,0.0,0.0,0.0,0.0,0.0,0.0,0.0,2295427.0,0.0,0.0,0.0,0.0,0.0,0.0,313627.0,0.0,0.0,0.0,0.0,0.0,0.0,0.0,0.0,0.0,0.0,0.0,0.0,0.0,0.0,0.0,0.0,0.0,0.0,0.0,0.0,0.0,0.0,0.0,0.0,0.0,0.0,0.0,0.0,0.0,0.0,0.0,0.0,0.0,0.0,81000.0,486273.0,0.0
10447444430252,1237139.57,0.0,83608.0,16500.0,0.0,26619.96,0.0,155743.11,22374.0,109772.86,20352.09,32000.51,0.0,4286.69,42231.76,0.0,0.0,8721.24,51956.22,0.0,60317.83,19389.29,0.0,32712.44,4448.85,1319.0,22131.31,172611.48,346238.85,7467.07,0.0,0.0,63425.46,0.0,48676.0,0.0,0.0,0.0,0.0,14931.37,40000.0,0.0,0.0,564062.0,4960.0,0.0,0.0,0.0,0.0,0.0,92663.65,0.0,0.0,0.0,0.0,0.0,561905.13,0.0,220287.41,0.0,0.0,0.0,0.0,74773.0,0.0,0.0,0.0,8029.28,425518.53,79936.94,44740.0,70577.49,22703.97,152799.06,0.0,0.0,0.0,0.0,0.0,0.0,0.0,0.0,919755.89,743251.0,0.0,655307.51,51399.69,149322.0
61119010130625,334798.0,0.0,0.0,0.0,44867.52,0.0,0.0,20000.0,23861.0,0.0,0.0,40023.25,17380.13,10605.0,24291.51,0.0,0.0,0.0,8978.85,10984.92,11912.11,0.0,3009.24,1003.99,4754.37,14223.0,17640.4,9446.61,19417.6,10452.78,0.0,0.0,0.0,0.0,0.0,0.0,0.0,0.0,0.0,0.0,0.0,0.0,0.0,186599.0,0.0,0.0,0.0,0.0,0.0,0.0,0.0,0.0,0.0,0.0,70562.52,0.0,0.0,0.0,216623.33,0.0,0.0,0.0,0.0,12000.0,0.0,0.0,0.0,4273.0,0.0,5613.0,0.0,0.0,0.0,0.0,0.0,0.0,0.0,0.0,0.0,0.0,0.0,0.0,227283.33,214130.32,0.0,0.0,171975.83,32797.16
61259010100065,225266.72,0.0,85000.08,0.0,0.0,18816.42,0.0,30693.52,9464.0,14730.62,0.0,4294.53,36842.95,549.87,18053.27,0.0,0.0,12827.97,40150.16,2722.74,34515.56,35540.94,0.0,3133.51,1607.88,8419.25,18451.51,99826.76,83476.12,4991.07,0.0,0.0,0.0,0.0,0.0,0.0,0.0,0.0,0.0,85.95,0.0,0.0,0.0,334806.0,0.0,0.0,0.0,0.0,0.0,0.0,226364.33,0.0,0.0,0.0,19439.0,0.0,0.0,0.0,15998.53,67.58,0.0,0.0,0.0,137584.55,0.0,0.0,4321.44,12410.0,0.0,69604.57,0.0,100000.0,0.0,0.0,67.58,0.0,4321.44,0.0,0.0,0.0,0.0,0.0,-3611.49,-76.34,0.0,0.0,13875.95,0.0
61259010100123,87296.0,0.0,0.0,0.0,0.0,0.0,0.0,28621.0,0.0,0.0,0.0,0.0,0.0,0.0,0.0,0.0,0.0,0.0,0.0,0.0,10277.0,0.0,0.0,4271.0,0.0,2300.0,201583.0,57691.0,29934.0,3353.0,0.0,0.0,0.0,0.0,0.0,0.0,0.0,0.0,0.0,0.0,0.0,0.0,277754.0,0.0,0.0,0.0,0.0,0.0,0.0,0.0,51064.0,0.0,0.0,0.0,0.0,0.0,0.0,0.0,28799.0,0.0,0.0,0.0,0.0,0.0,0.0,0.0,0.0,0.0,0.0,0.0,0.0,0.0,0.0,0.0,0.0,0.0,0.0,0.0,0.0,0.0,0.0,0.0,28799.0,0.0,0.0,0.0,0.0,0.0
61259010130518,529108.0,0.0,0.0,0.0,0.0,100124.0,177625.0,88220.0,0.0,0.0,0.0,0.0,55797.0,77027.0,45479.0,0.0,0.0,12740.0,11557.0,22942.0,10245.0,2722.0,0.0,58149.0,10171.0,43756.0,58847.0,198172.0,37342.0,19723.0,0.0,0.0,8628.0,0.0,19872.0,0.0,0.0,0.0,0.0,0.0,0.0,223782.0,0.0,753275.09,0.0,0.0,0.0,0.0,0.0,0.0,0.0,0.0,0.0,96778.0,316901.0,0.0,0.0,0.0,0.0,0.0,0.0,0.0,0.0,45869.66,0.0,0.0,0.0,0.0,0.0,0.0,0.0,0.0,0.0,0.0,0.0,0.0,0.0,0.0,0.0,0.0,0.0,0.0,45869.66,0.0,0.0,0.0,53303.0,0.0
61259010130591,638169.0,0.0,0.0,56480.0,95713.0,0.0,137582.0,31443.0,0.0,0.0,0.0,64204.0,82326.0,4199.0,23618.0,0.0,0.0,0.0,71312.0,32181.0,15745.0,11844.0,1896.0,1487.0,3617.0,10172.0,26177.0,178561.0,114663.0,21573.0,21792.0,0.0,54837.0,0.0,0.0,0.0,0.0,0.0,0.0,3173.0,85447.0,0.0,0.0,888951.0,0.0,0.0,0.0,0.0,0.0,0.0,180000.0,0.0,0.0,91831.0,0.0,0.0,0.0,0.0,77553.0,0.0,0.0,0.0,0.0,114462.0,0.0,0.0,0.0,0.0,0.0,108681.0,0.0,83334.0,0.0,0.0,0.0,0.0,0.0,0.0,0.0,0.0,0.0,0.0,84812.0,-39119.0,0.0,3613.0,113525.0,0.0
61259010130633,369756.0,0.0,0.0,0.0,83652.0,13503.0,180864.0,29381.0,0.0,0.0,0.0,9820.0,27104.0,2032.0,31176.0,0.0,0.0,53853.0,5668.0,0.0,124686.0,60128.0,0.0,7299.0,4146.0,4499.0,5925.0,216306.0,250052.0,7834.0,0.0,0.0,0.0,0.0,0.0,0.0,0.0,0.0,0.0,0.0,0.0,0.0,0.0,419640.0,0.0,0.0,0.0,0.0,0.0,0.0,0.0,0.0,0.0,154197.0,0.0,0.0,0.0,0.0,100776.15,0.0,0.0,0.0,0.0,282855.54,0.0,0.0,947.0,40000.0,0.0,101055.98,0.0,0.0,0.0,0.0,0.0,0.0,947.0,0.0,0.0,0.0,0.0,0.0,322575.71,120620.71,0.0,272783.0,436797.0,0.0
61259010130666,874085.91,49653.87,88417.68,0.0,25508.76,4681.67,3916.67,122525.37,88111.4,76129.79,28155.92,34747.4,109625.86,12169.0,58315.55,0.0,0.0,9373.38,0.0,52918.29,60189.34,0.0,8812.96,32366.36,869.2,28131.79,59460.32,14138.96,978870.08,23785.8,0.0,0.0,21749.68,0.0,387297.02,0.0,0.0,0.0,0.0,0.0,0.0,0.0,0.0,1037012.0,1839.0,0.0,0.0,0.0,0.0,0.0,280929.26,0.0,0.0,0.0,0.0,0.0,0.0,0.0,248684.12,0.0,0.0,0.0,0.0,228775.18,0.0,0.0,0.0,0.0,11058276.85,603471.48,0.0,115000.0,96887.46,10720377.21,0.0,0.0,0.0,0.0,0.0,0.0,0.0,0.0,1096553.2,1189115.0,0.0,1190603.62,263915.78,0.0
61259013030772,616077.0,0.0,0.0,14466.0,70052.0,196000.0,230000.0,143634.0,0.0,133581.0,0.0,58467.0,0.0,0.0,54568.0,0.0,0.0,15831.0,0.0,2627.0,147555.0,0.0,4022.0,3204.0,2285.0,16539.0,181844.0,98015.0,117919.0,19537.0,34253.0,0.0,175451.0,0.0,0.0,0.0,0.0,0.0,39102.0,0.0,0.0,0.0,0.0,553693.0,0.0,0.0,0.0,0.0,0.0,0.0,0.0,0.0,9967.0,33363.0,0.0,0.0,0.0,0.0,193465.0,0.0,0.0,0.0,0.0,72070.0,0.0,0.0,0.0,0.0,366373.0,102854.0,0.0,0.0,191518.0,280063.0,0.0,0.0,0.0,0.0,0.0,0.0,0.0,0.0,57473.0,0.0,0.0,1319265.0,44992.0,0.0
61259016111660,431817.0,0.0,0.0,0.0,0.0,43500.0,78500.0,38000.0,0.0,32889.62,0.0,0.0,58000.0,0.0,10903.38,0.0,0.0,0.0,0.0,36598.0,0.0,0.0,0.0,5000.0,450.0,15000.0,154015.0,122400.0,0.0,8200.0,0.0,0.0,0.0,0.0,0.0,0.0,0.0,0.0,0.0,0.0,0.0,0.0,399236.0,0.0,0.0,0.0,361673.0,0.0,0.0,0.0,151764.0,0.0,0.0,0.0,66866.0,0.0,0.0,0.0,55000.0,0.0,0.0,0.0,0.0,0.0,0.0,0.0,0.0,0.0,0.0,0.0,0.0,0.0,0.0,0.0,0.0,0.0,0.0,0.0,0.0,0.0,0.0,0.0,55000.0,55000.0,0.0,0.0,0.0,0.0
61259016115711,71295.71,7780.69,70637.46,750.0,27149.96,53416.77,54871.73,34275.22,3400.0,0.0,0.0,25980.49,14107.02,3446.44,25282.86,0.0,0.0,2300.0,2307.67,5268.65,15401.57,143.97,6409.93,37.5,45.0,11668.7,1533.77,54693.04,111624.84,5691.63,1139.19,0.0,57.49,0.0,5530.26,0.0,0.0,0.0,0.0,0.0,0.0,0.0,0.0,97753.45,0.0,0.0,0.0,0.0,0.0,0.0,103439.0,0.0,0.0,0.0,0.0,0.0,0.0,0.0,92134.27,0.0,0.0,0.0,0.0,10406.27,0.0,0.0,742.0,12450.47,5046.02,21498.45,0.0,0.0,0.0,0.0,0.0,0.0,742.0,0.0,0.0,0.0,0.0,0.0,98538.58,176060.33,0.0,195488.37,44979.94,0.0
61259016117394,809064.26,48000.0,88812.5,0.0,21315.0,154106.82,118900.545,0.0,0.0,73881.32,0.0,72341.69,136466.04,3203.12,93095.0,0.0,0.0,0.0,8474.04,13017.91,44276.81,0.0,12244.32,2279.11,993.0,12981.51,18955.76,92633.13,391409.68,9748.06,0.0,0.0,2654.29,0.0,3502.35,0.0,0.0,0.0,0.0,0.0,0.0,0.0,0.0,786604.0,0.0,0.0,0.0,0.0,0.0,0.0,0.0,0.0,0.0,276435.0,0.0,0.0,0.0,0.0,298884.37,0.0,0.0,0.0,0.0,353663.38,0.0,0.0,0.0,0.0,15116.76,185690.65,0.0,250000.0,0.0,0.0,0.0,0.0,0.0,0.0,0.0,0.0,0.0,0.0,231973.86,212253.425,0.0,48582.61,318746.09,0.0
61259016117402,536507.78,0.0,108953.13,0.0,0.0,53217.52,0.0,0.0,0.0,53206.23,4862.25,9225.29,79213.33,8115.81,49955.0,0.0,0.0,0.0,57519.45,10237.22,32741.59,0.0,7544.74,8229.59,550.0,12166.56,32809.01,71549.13,296994.62,7020.38,0.0,0.0,0.0,0.0,11460.96,0.0,0.0,0.0,0.0,0.0,0.0,0.0,0.0,481347.0,0.0,0.0,0.0,0.0,0.0,0.0,0.0,0.0,0.0,200372.0,0.0,0.0,345824.05,0.0,0.0,0.0,0.0,0.0,0.0,388015.2,0.0,0.0,0.0,0.0,48201.37,91536.66,0.0,250000.0,0.0,0.0,0.0,0.0,0.0,0.0,0.0,0.0,0.0,0.0,440503.96,345510.56,0.0,41667.56,299224.43,0.0
61259016117568,809605.58,28745.29,90437.43,0.0,27703.39,0.0,0.0,48900.34,64597.44,75709.42,6915.37,19954.91,114907.04,10876.31,53714.28,0.0,0.0,11432.75,0.0,90252.0,34039.84,0.0,16393.13,11351.02,414.53,11661.02,34317.21,227952.48,247633.85,6247.91,0.0,0.0,10795.3,0.0,97586.11,0.0,0.0,0.0,0.0,0.0,0.0,0.0,0.0,787152.0,-296.0,0.0,0.0,0.0,0.0,0.0,154209.06,0.0,0.0,0.0,0.0,0.0,0.0,0.0,82550.15,0.0,0.0,0.0,0.0,460014.52,0.0,0.0,17000.0,15000.0,549286.24,226858.47,0.0,62500.0,48484.13,0.0,0.0,0.0,17000.0,0.0,0.0,0.0,0.0,0.0,769008.31,800404.0,0.0,791270.15,649392.08,0.0
61259016117972,126876.11,0.0,28837.52,75508.12,0.0,7861.9,0.0,14295.0,0.0,1617.34,0.0,15229.95,14377.01,2584.25,11202.88,0.0,0.0,0.0,41988.97,3669.8,11045.36,17085.26,10023.97,12722.52,215.0,6558.11,166.6,31600.0,20939.88,1643.98,3101.85,0.0,36546.05,0.0,0.0,0.0,0.0,0.0,16374.33,0.0,0.0,0.0,0.0,122677.3,0.0,0.0,0.0,0.0,0.0,0.0,25093.0,0.0,0.0,0.0,0.0,0.0,0.0,0.0,150548.06,0.0,0.0,0.0,0.0,82541.37,0.0,0.0,157.5,0.0,19327.6,73330.34,0.0,0.0,0.0,28000.0,0.0,0.0,157.5,0.0,0.0,0.0,0.0,0.0,151086.69,74599.33,-20.92,144979.47,190257.49,0.0
61259016119911,212545.0,0.0,65194.0,2519.0,8723.0,0.0,43878.0,14172.0,0.0,0.0,0.0,26570.0,34084.0,3762.0,19874.0,0.0,0.0,0.0,0.0,12942.0,31542.0,8575.0,5836.0,11306.0,578.0,6844.0,21427.0,109829.0,58551.0,4902.0,0.0,0.0,0.0,0.0,0.0,0.0,0.0,0.0,0.0,7957.0,50000.0,0.0,258960.0,0.0,70714.0,0.0,0.0,0.0,0.0,0.0,0.0,0.0,0.0,95187.0,0.0,0.0,-178.0,0.0,0.0,0.0,0.0,0.0,0.0,0.0,79282.0,0.0,0.0,0.0,252954.0,62989.0,0.0,17000.0,0.0,150000.0,0.0,0.0,0.0,0.0,0.0,0.0,0.0,0.0,102069.0,848.0,0.0,20484.0,222856.0,0.0
61705076118160,1416581.54,0.0,65000.0,0.0,0.0,0.0,0.0,76322.97,0.0,0.0,0.0,214385.33,0.0,4203.63,34256.34,0.0,0.0,0.0,340625.31,158442.89,26185.25,431831.85,0.0,0.0,0.0,6065.16,878.0,252845.5,273644.6,10423.24,0.0,0.0,0.0,0.0,0.0,0.0,0.0,0.0,0.0,0.0,0.0,0.0,0.0,2488087.0,19681.0,0.0,0.0,0.0,0.0,0.0,9776.0,0.0,0.0,0.0,0.0,0.0,0.0,0.0,347245.83,0.0,0.0,0.0,0.0,45358.41,0.0,0.0,0.0,0.0,0.0,258133.42,0.0,0.0,0.0,0.0,0.0,0.0,0.0,0.0,0.0,0.0,0.0,0.0,134470.82,86689.0,0.0,185.45,86186.71,0.0
61796070101477,377821.0,0.0,79795.0,27910.0,14009.0,3311.0,0.0,77131.0,0.0,31535.0,0.0,8249.0,33433.0,1735.0,12955.0,13217.0,0.0,0.0,40224.0,519.0,26915.0,88158.0,50431.0,5167.0,626.0,11074.0,8066.0,68340.0,107470.0,9663.0,0.0,0.0,6028.0,0.0,0.0,0.0,0.0,17129.0,61904.0,18679.0,150000.0,0.0,402286.0,0.0,0.0,0.0,0.0,0.0,0.0,0.0,0.0,0.0,0.0,56296.0,614704.0,0.0,0.0,0.0,671988.0,0.0,0.0,0.0,0.0,0.0,30949.0,0.0,5253.0,350.0,0.0,8246.0,0.0,210864.0,0.0,0.0,0.0,0.0,5253.0,0.0,0.0,0.0,0.0,0.0,484177.0,351930.0,0.0,292420.0,203381.0,0.0
61796076118368,235377.59,0.0,0.0,0.0,0.0,0.0,91078.29,500.0,0.0,0.0,0.0,0.0,28453.91,0.0,17067.1,0.0,0.0,39347.94,0.0,10682.87,10126.68,80.0,0.0,490.0,560.76,7224.55,5060.32,65453.67,106885.94,2047.7,0.0,0.0,0.0,0.0,0.0,0.0,0.0,0.0,0.0,0.0,0.0,590.99,0.0,274233.0,0.0,0.0,0.0,0.0,0.0,0.0,0.0,0.0,0.0,0.0,22030.56,0.0,0.0,0.0,128469.27,0.0,0.0,0.0,0.0,0.0,37913.48,0.0,0.0,6824.98,34065.62,0.0,0.0,0.0,0.0,0.0,0.0,0.0,0.0,0.0,0.0,0.0,0.0,0.0,207273.35,213619.59,-1992.5,0.0,20775.01,0.0
61945090930198,163247.43,0.0,0.0,0.0,34020.04,0.0,0.0,5023.13,0.0,13528.57,4068.34,5774.6,0.0,630.12,12835.23,0.0,0.0,11250.2,0.0,2758.14,6403.65,780.42,3119.07,290.0,366.01,11861.04,12782.87,20545.5,38708.59,5907.99,5073.73,0.0,0.0,0.0,0.0,0.0,0.0,0.0,0.0,15264.9,63111.74,4109.0,0.0,182619.0,1292.0,0.0,0.0,0.0,0.0,0.0,0.0,0.0,0.0,0.0,0.0,0.0,20670.37,0.0,1801.71,0.0,0.0,800.0,0.0,25659.67,24079.29,0.0,2260.0,0.0,0.0,20924.31,4109.0,0.0,0.0,0.0,0.0,0.0,2260.0,0.0,30000.0,8275.83,0.0,0.0,9701.9,45348.87,0.0,47883.09,12003.08,18424.0
62166101030642,519973.76,0.0,118402.18,0.0,243601.18,0.0,0.0,101013.32,0.0,0.0,0.0,75198.77,92598.02,0.0,0.0,26460.04,0.0,52303.52,68890.53,3232.52,15777.21,35609.8,39189.93,6084.61,0.0,16230.91,30236.43,85177.2,131595.63,12353.55,0.0,0.0,0.0,0.0,0.0,0.0,0.0,0.0,0.0,0.0,0.0,0.0,0.0,1042310.0,0.0,0.0,0.0,0.0,0.0,0.0,0.0,0.0,20917.87,63663.0,0.0,0.0,0.0,0.0,0.0,0.0,0.0,0.0,0.0,20144.37,0.0,0.0,0.0,0.0,0.0,20144.37,0.0,0.0,0.0,0.0,0.0,0.0,0.0,0.0,0.0,0.0,0.0,0.0,-2.61934e-10,0.0,0.0,291711.99,103830.84,0.0
62166101030667,350006.56,62498.0,56100.0,2330.14,12525.12,20276.45,38836.22,18439.99,28644.49,0.0,0.0,35172.27,81938.32,13927.57,21638.41,24473.39,0.0,0.0,39525.4,794.99,32715.41,0.0,23470.46,14308.84,3390.06,21797.75,21491.02,83496.0,26391.58,23461.9,250.0,0.0,0.0,0.0,0.0,0.0,9545.0,0.0,40187.69,0.0,62500.0,0.0,818339.0,13474.02,0.0,0.0,0.0,177.84,0.0,0.0,88202.31,0.0,18249.8,40943.08,0.0,0.0,0.0,0.0,96380.24,0.0,0.0,0.0,0.0,150911.51,0.0,0.0,0.0,9335.0,0.0,30806.26,62563.39,0.0,72488.47,0.0,0.0,0.0,0.0,0.0,0.0,0.0,0.0,0.0,90768.63,-4702.71,0.0,0.0,3533.03,0.0
62166101030733,78000.0,55116.0,0.0,0.0,0.0,47364.0,0.0,0.0,0.0,11700.0,4292.0,0.0,18557.0,0.0,7118.0,0.0,0.0,36318.0,2716.0,0.0,0.0,0.0,0.0,0.0,396.0,3342.0,39819.0,18841.0,670.0,0.0,1392.0,0.0,0.0,0.0,0.0,13557.0,0.0,0.0,0.0,50438.0,0.0,0.0,414599.0,0.0,0.0,0.0,0.0,0.0,87490.0,0.0,34484.0,0.0,0.0,0.0,0.0,0.0,9303.0,0.0,1513.0,0.0,0.0,0.0,0.0,24877.0,0.0,0.0,0.0,147860.0,0.0,34047.0,0.0,121945.0,0.0,0.0,0.0,0.0,0.0,0.0,0.0,0.0,0.0,0.0,27561.0,13326.0,-162505.0,18999.0,10804.0,0.0
62166101030840,448691.7,116365.59,139339.99,0.0,9978.62,33019.43,0.0,21997.0,0.0,0.0,0.0,59569.26,65338.16,10668.68,26828.71,0.0,0.0,4830.0,14101.26,6514.03,83241.07,9989.17,28759.81,8960.45,769.56,12553.11,59885.73,252965.23,118397.97,24920.45,0.0,0.0,0.0,0.0,0.0,0.0,0.0,0.0,0.0,0.0,0.0,50000.0,0.0,1228319.0,3328.0,0.0,0.0,0.0,0.0,0.0,0.0,0.0,0.0,74084.0,0.0,0.0,0.0,0.0,873.6,0.0,0.0,0.0,0.0,281187.26,0.0,0.0,0.0,0.0,0.0,113758.08,0.0,0.0,0.0,0.0,0.0,0.0,0.0,0.0,0.0,0.0,0.0,0.0,168302.78,38287.0,0.0,2927.11,72774.65,0.0
62166106118095,128815.7,0.0,79045.95,2546.08,19473.3,0.0,0.0,24726.56,0.0,0.0,0.0,19309.6,8063.1,2679.32,9343.86,0.0,0.0,50.9,1665.95,1985.66,5871.35,0.0,47336.25,0.0,141.29,3796.08,5640.17,5578.73,149554.14,5258.73,35680.0,0.0,1733.55,0.0,0.0,0.0,0.0,0.0,0.0,0.0,0.0,30000.0,0.0,414825.0,0.0,0.0,0.0,0.0,0.0,0.0,0.0,0.0,46488.1,62095.0,0.0,0.0,0.0,0.0,2678.4,0.0,0.0,0.0,0.0,0.0,149209.04,0.0,0.0,0.0,0.0,88654.52,0.0,0.0,0.0,0.0,0.0,0.0,0.0,0.0,54394.85,8838.07,0.0,0.0,1.45519e-11,5076.28,0.0,379.42,36389.21,0.0
62174101030774,417026.84,57735.5,153326.08,0.0,0.0,26261.08,0.0,31644.05,0.0,0.0,0.0,52905.28,75193.13,10118.25,24313.13,0.0,0.0,2425.0,15201.24,13240.29,84066.75,9170.45,10608.97,12851.43,2199.36,12553.08,17559.41,67899.69,31350.28,22344.16,0.0,0.0,0.0,0.0,0.0,0.0,0.0,0.0,0.0,0.0,0.0,0.0,0.0,960075.0,-2240.0,0.0,0.0,0.0,0.0,0.0,0.0,0.0,0.0,192560.0,50000.0,0.0,0.0,0.0,7013.52,0.0,0.0,0.0,0.0,303093.49,0.0,0.0,44796.96,0.0,0.0,20299.83,0.0,0.0,0.0,50000.0,0.0,0.0,44796.96,0.0,0.0,0.0,0.0,0.0,239807.18,266352.0,-223941.0,3267.08,19430.51,0.0
62174101030857,336168.78,0.0,207554.87,0.0,72340.0,0.0,93749.3,150200.04,48894.43,0.0,0.0,73316.35,44686.3,17611.29,44861.64,0.0,0.0,0.0,0.0,0.0,63939.98,13490.34,43897.35,7704.32,0.0,18395.25,3525.96,78213.71,135707.01,17788.09,0.0,0.0,0.0,0.0,7756.13,0.0,0.0,0.0,0.0,0.0,0.0,0.0,0.0,559897.0,-239497.0,0.0,0.0,0.0,38997.5,0.0,87453.0,0.0,16987.6,0.0,0.0,0.0,1616.29,0.0,-3040.54,0.0,0.0,0.0,0.0,931388.55,0.0,0.0,0.0,31940.36,63923.47,1028245.24,237127.0,0.0,0.0,250000.0,0.0,0.0,0.0,0.0,0.0,0.0,0.0,0.0,-489544.11,8296.0,189749.74,224052.0,76278.19,0.0
62174101030865,438045.0,92350.0,38594.0,0.0,67619.0,122799.0,131966.0,114303.0,65490.0,81944.0,0.0,0.0,93520.0,1285.0,58914.0,0.0,0.0,0.0,4213.0,414.0,20761.0,0.0,2906.0,2997.0,1125.0,2588.0,19885.0,294073.0,105734.0,13990.0,0.0,6596.0,7097.0,0.0,0.0,0.0,0.0,0.0,0.0,0.0,0.0,0.0,0.0,854109.0,0.0,0.0,0.0,0.0,0.0,0.0,8979.0,0.0,0.0,5266.0,0.0,0.0,0.0,0.0,108.0,0.0,0.0,0.0,0.0,0.0,108406.0,0.0,0.0,123060.0,151048.0,148742.0,219609.0,49856.0,0.0,0.0,0.0,0.0,0.0,0.0,0.0,0.0,0.0,0.0,-35585.0,736758.0,0.0,2461.0,22430.0,0.0
63628156121024,1098976.0,0.0,0.0,19891.0,0.0,0.0,0.0,0.0,19891.0,42105.0,0.0,84385.0,71099.0,5879.0,31718.0,0.0,0.0,0.0,980136.0,0.0,642056.0,0.0,0.0,79811.0,0.0,13547.0,21848.0,281795.0,973543.0,68473.0,0.0,0.0,0.0,0.0,0.0,0.0,0.0,0.0,0.0,35998.0,0.0,0.0,0.0,2601680.0,-6000.0,0.0,360815.0,0.0,0.0,0.0,0.0,0.0,0.0,0.0,1120477.0,0.0,0.0,0.0,0.0,0.0,0.0,0.0,0.0,0.0,0.0,0.0,0.0,0.0,0.0,0.0,0.0,0.0,0.0,0.0,0.0,0.0,0.0,0.0,0.0,0.0,0.0,0.0,0.0,0.0,0.0,160620.0,87596.0,32247.0
64204181830132,1466576.41,0.0,109990.0,0.0,0.0,998431.35,0.0,0.0,0.0,119358.48,0.0,107376.2,338618.0,7517.98,75242.06,0.0,0.0,0.0,0.0,1466.75,224104.13,13302.64,0.0,31713.59,185.0,37359.12,87860.48,662223.44,788350.64,25192.22,0.0,0.0,0.0,0.0,0.0,0.0,0.0,325302.54,0.0,0.0,0.0,0.0,0.0,4739589.0,0.0,0.0,0.0,0.0,0.0,0.0,3568.0,204401.45,0.0,0.0,0.0,0.0,0.0,0.0,-76616.67,0.0,0.0,0.0,250000.0,805664.13,0.0,0.0,37455.5,12682.51,0.0,25392.16,278008.78,0.0,0.0,0.0,0.0,0.0,37455.5,0.0,0.0,0.0,0.0,0.0,688329.03,-288113.72,0.0,163097.61,601544.72,0.0
64246191996347,155785.0,0.0,24000.0,0.0,9978.0,0.0,0.0,4173.0,14400.0,14547.0,1040.0,4791.0,25630.0,3591.0,10707.0,0.0,250.0,0.0,2544.0,4854.0,4019.0,0.0,7838.0,12577.0,84.0,13308.0,2888.0,8576.0,84436.0,638.0,78.0,0.0,0.0,0.0,0.0,0.0,0.0,0.0,0.0,235.0,11890.0,0.0,0.0,215834.0,0.0,0.0,0.0,0.0,0.0,0.0,11642.0,0.0,0.0,35458.0,0.0,0.0,6289.0,0.0,86030.0,0.0,0.0,0.0,0.0,2794.0,0.0,0.0,0.0,0.0,48682.0,201599.0,0.0,65498.0,0.0,0.0,0.0,0.0,0.0,0.0,0.0,0.0,0.0,0.0,-123302.0,65954.0,-227193.0,32367.0,143690.0,0.0
64246191996537,1161983.19,0.0,274411.98,13089.8,0.0,0.0,242376.81,375580.27,0.0,0.0,0.0,177876.14,220043.1,9074.0,102678.39,112047.32,0.0,3030.93,246541.04,21699.89,168107.65,36439.56,0.0,65364.32,7427.7,21937.2,34980.24,152752.22,446144.34,36093.06,12848.59,0.0,76767.52,0.0,0.0,0.0,0.0,0.0,0.0,62914.69,0.0,324150.0,0.0,3172803.0,0.0,0.0,0.0,0.0,0.0,0.0,0.0,0.0,0.0,0.0,22275.0,0.0,246180.28,0.0,0.0,290721.02,0.0,0.0,0.0,100756.52,1026206.0,0.0,63618.0,0.0,0.0,925435.67,16666.0,364611.0,0.0,0.0,290721.02,0.0,63618.0,0.0,148289.0,0.0,0.0,0.0,-197821.61,-383212.52,129152.25,9834.65,100444.98,445583.6
64287191996479,1796852.84,0.0,316506.64,204957.52,0.0,274458.18,0.0,0.0,0.0,0.0,0.0,193318.74,176760.18,0.0,61966.5,0.0,0.0,235081.98,771344.33,461616.79,272114.39,0.0,0.0,0.0,0.0,1588.49,90512.4,363317.98,17103.74,79532.06,0.0,0.0,0.0,0.0,0.0,0.0,0.0,0.0,0.0,0.0,0.0,0.0,0.0,4736915.0,0.0,0.0,0.0,5496.0,0.0,0.0,0.0,0.0,0.0,0.0,0.0,0.0,0.0,0.0,2844.12,0.0,0.0,0.0,1113496.78,1016484.04,0.0,0.0,23302.07,36312.12,155022.67,920956.93,0.0,0.0,0.0,240545.85,0.0,0.0,23302.07,0.0,0.0,0.0,0.0,0.0,1162656.949,716642.0,0.0,0.0,121805.2,180058.0
64634190101667,707844.26,0.0,74133.35,0.0,28789.25,0.0,45764.46,30474.88,70744.35,40463.39,7504.81,30075.14,86840.96,2817.51,20386.4,0.0,0.0,28.34,91603.31,0.0,24391.17,0.0,0.0,2882.69,1635.0,15818.38,50223.0,431991.0,131309.82,0.0,0.0,0.0,4288.68,0.0,0.0,0.0,0.0,0.0,0.0,0.0,0.0,0.0,0.0,1107197.0,0.0,0.0,0.0,0.0,0.0,0.0,1556.0,0.0,0.0,51457.0,0.0,0.0,0.0,0.0,235142.9,0.0,0.0,0.0,0.0,256773.63,0.0,0.0,0.0,0.0,0.0,388546.68,0.0,0.0,0.0,0.0,0.0,0.0,0.0,0.0,0.0,0.0,57000.0,0.0,46369.85,0.0,0.0,0.0,258345.0,0.0
64857196119580,341200.0,0.0,68500.0,0.0,0.0,68900.0,0.0,0.0,0.0,30780.0,5758.0,3861.0,34875.0,0.0,16283.0,0.0,0.0,0.0,12868.0,0.0,9378.0,0.0,0.0,0.0,0.0,0.0,0.0,25905.0,12400.0,0.0,13466.0,0.0,0.0,0.0,0.0,0.0,0.0,0.0,0.0,0.0,0.0,0.0,0.0,580572.0,0.0,0.0,0.0,0.0,0.0,0.0,0.0,0.0,0.0,0.0,0.0,0.0,231462.0,0.0,85548.0,0.0,0.0,0.0,0.0,0.0,0.0,0.0,0.0,0.0,0.0,0.0,0.0,250000.0,0.0,0.0,0.0,0.0,0.0,0.0,0.0,0.0,0.0,0.0,67010.0,0.0,0.0,111743.0,0.0,0.0
65417210101055,248570.0,0.0,115000.0,0.0,0.0,1400.0,0.0,41376.0,0.0,19478.0,0.0,5786.0,37674.0,1928.0,19989.0,0.0,0.0,10862.0,0.0,0.0,86505.0,25655.0,0.0,3296.0,987.0,5892.0,1554.0,87246.0,256773.0,8556.0,0.0,0.0,0.0,0.0,0.0,0.0,0.0,0.0,0.0,0.0,0.0,0.0,0.0,0.0,0.0,0.0,0.0,0.0,0.0,0.0,0.0,0.0,0.0,0.0,0.0,0.0,0.0,0.0,125984.0,0.0,0.0,0.0,0.0,5030.0,22967.0,0.0,0.0,0.0,192306.0,61000.0,102703.0,150000.0,0.0,0.0,0.0,0.0,0.0,0.0,0.0,0.0,0.0,0.0,32584.0,28705.0,0.0,18695.0,400083.0,0.0
65474216118491,241831.0,0.0,86000.0,0.0,44529.0,0.0,5320.0,25054.0,0.0,0.0,0.0,29845.0,20646.0,1626.0,18795.0,0.0,0.0,9165.0,5736.0,45.0,13732.0,114.0,0.0,100.0,0.0,8083.0,0.0,6324.0,86063.0,2625.0,0.0,0.0,0.0,0.0,0.0,0.0,0.0,0.0,0.0,3502.0,0.0,0.0,0.0,0.0,2080.0,0.0,0.0,0.0,0.0,0.0,0.0,0.0,0.0,13087.0,0.0,0.0,0.0,0.0,55061.0,0.0,40000.0,0.0,0.0,288.0,28155.0,0.0,0.0,0.0,0.0,29224.0,0.0,42500.0,0.0,56500.0,0.0,0.0,0.0,0.0,0.0,0.0,0.0,0.0,-4720.0,-160642.0,0.0,38359.0,86684.0,0.0
65557236116669,181993.0,0.0,0.0,0.0,40251.0,0.0,20970.0,42995.0,0.0,0.0,0.0,21913.0,7818.0,4668.0,12870.0,0.0,0.0,5900.0,9496.0,931.0,14772.0,0.0,0.0,2350.0,874.0,16222.0,11295.0,8776.0,42057.0,3600.0,5830.0,0.0,0.0,0.0,809.0,0.0,0.0,0.0,0.0,1519.0,0.0,0.0,0.0,0.0,70.0,0.0,0.0,0.0,0.0,0.0,0.0,0.0,0.0,0.0,0.0,0.0,109797.0,0.0,15964.0,0.0,0.0,0.0,0.0,15750.0,0.0,0.0,2718.0,0.0,76812.0,74284.0,0.0,14001.0,0.0,59138.0,0.0,0.0,2718.0,0.0,0.0,0.0,0.0,0.0,70900.0,62718.0,0.0,30675.0,45183.0,0.0
65615232330413,219115.0,0.0,46329.0,0.0,57728.0,10894.0,28614.0,13938.0,0.0,21786.0,10850.0,12404.0,75386.0,1228.0,13366.0,0.0,0.0,0.0,17439.0,4099.0,33407.0,985.0,1477.0,2114.0,511.0,3625.0,22669.0,32413.0,98625.0,6113.0,0.0,0.0,0.0,0.0,0.0,0.0,0.0,0.0,0.0,17225.0,94377.0,0.0,424165.0,0.0,2439.0,0.0,0.0,0.0,0.0,0.0,0.0,0.0,0.0,42325.0,0.0,0.0,129574.0,0.0,2000.0,0.0,0.0,0.0,0.0,65910.0,0.0,0.0,0.0,0.0,0.0,29588.0,0.0,0.0,0.0,0.0,0.0,0.0,0.0,0.0,0.0,0.0,0.0,0.0,167896.0,146445.0,0.0,91647.0,22928.0,0.0
65615232330439,194817.73,0.0,40865.11,0.0,6775.0,2009.0,0.0,28151.24,0.0,19439.93,1930.52,6246.21,11242.35,818.08,18787.23,0.0,0.0,0.0,0.0,1388.16,40727.02,0.0,0.0,5276.73,279.0,1494.04,2660.61,24049.31,18820.8,6152.71,0.0,0.0,0.0,0.0,0.0,20581.43,0.0,0.0,0.0,1043.0,25000.0,0.0,253888.0,0.0,-80.0,0.0,0.0,0.0,0.0,0.0,0.0,0.0,0.0,0.0,0.0,0.0,93783.62,0.0,2392.0,0.0,0.0,0.0,0.0,41546.19,0.0,0.0,0.0,0.0,0.0,103934.43,0.0,6215.0,0.0,0.0,0.0,0.0,0.0,0.0,0.0,0.0,0.0,3861.35,23711.03,41780.09,1482.0,1972.31,12000.19,0.0
65615232330454,225851.0,0.0,31871.0,0.0,23445.0,10535.0,87008.0,6199.0,0.0,21023.0,11975.0,13605.0,67031.0,1150.0,13628.0,0.0,0.0,0.0,18081.0,6757.0,42099.0,365.0,1477.0,1469.0,175.0,3625.0,21715.0,72811.0,64220.0,5044.0,0.0,0.0,0.0,0.0,0.0,0.0,0.0,0.0,0.0,0.0,0.0,0.0,0.0,389181.0,-2159.0,0.0,0.0,0.0,0.0,0.0,42849.0,0.0,0.0,32507.0,0.0,0.0,16227.0,0.0,0.0,0.0,0.0,0.0,0.0,79191.0,0.0,0.0,0.0,0.0,0.0,38561.0,0.0,0.0,0.0,0.0,0.0,0.0,0.0,0.0,0.0,0.0,0.0,0.0,56857.0,32137.0,-32024.0,40337.0,27607.0,0.0
65615236117386,119107.66,0.0,0.0,0.0,50273.32,0.0,0.0,21367.5,0.0,9866.43,5315.05,7177.54,27255.2,572.32,9278.0,0.0,0.0,0.0,0.0,958.88,5119.52,0.0,0.0,0.0,200.0,1822.0,5223.35,30947.61,28879.02,3306.35,0.0,0.0,0.0,0.0,0.0,14877.66,0.0,0.0,0.0,1456.89,11512.31,0.0,0.0,161989.0,56.0,0.0,0.0,0.0,0.0,0.0,0.0,0.0,0.0,12343.48,0.0,0.0,20313.63,0.0,11247.0,0.0,0.0,0.0,0.0,46438.96,0.0,0.0,0.0,0.0,0.0,28035.54,0.0,0.0,10271.52,0.0,0.0,0.0,0.0,0.0,0.0,0.0,0.0,5445.66,34246.87,-40413.87,57772.0,12546.86,31704.33,19399.34
65623232330363,188498.5,0.0,0.0,0.0,31815.0,3155.26,37607.63,23579.56,0.0,15494.72,9072.73,10131.89,30184.91,2214.39,16879.79,0.0,0.0,0.0,2991.57,2518.14,11983.78,11419.36,11387.66,1719.83,284.5,2262.42,9668.74,30781.23,51190.74,1809.16,0.0,0.0,0.0,0.0,0.0,0.0,0.0,0.0,0.0,0.0,0.0,0.0,0.0,236944.0,158.0,0.0,0.0,0.0,0.0,0.0,0.0,0.0,0.0,0.0,0.0,0.0,18056.06,0.0,2000.0,0.0,0.0,0.0,0.0,41362.03,0.0,0.0,0.0,0.0,0.0,15765.04,0.0,0.0,0.0,0.0,0.0,0.0,0.0,0.0,0.0,0.0,0.0,0.0,45653.05,52481.63,0.0,48698.08,30820.85,0.0
65961276119663,220373.0,0.0,19680.0,0.0,14114.0,0.0,0.0,39173.0,0.0,19404.0,5019.0,7858.0,27830.0,880.0,15837.0,0.0,0.0,0.0,102.0,0.0,18063.0,2110.0,0.0,1419.0,1327.0,3833.0,5211.0,49792.0,59246.0,2228.0,0.0,0.0,0.0,0.0,0.0,0.0,0.0,0.0,0.0,0.0,0.0,3290.0,0.0,276073.0,6005.0,0.0,0.0,0.0,0.0,0.0,0.0,0.0,0.0,0.0,3300.0,0.0,203212.0,0.0,0.0,0.0,0.0,0.0,0.0,0.0,0.0,0.0,4154.0,0.0,0.0,17172.0,0.0,0.0,0.0,0.0,0.0,0.0,4154.0,0.0,0.0,0.0,0.0,0.0,186040.0,164752.0,0.0,62258.0,77136.0,0.0
66670303030723,3799978.48,0.0,760896.27,71293.0,0.0,0.0,257778.43,255933.86,353787.42,349867.73,94132.21,171186.88,508787.45,25445.46,193861.82,0.0,0.0,33978.03,0.0,0.0,76642.88,3495.09,0.0,77.4,4270.79,79600.94,484216.19,639116.67,70908.52,67473.52,0.0,0.0,0.0,0.0,1234981.91,0.0,0.0,0.0,0.0,798663.27,0.0,0.0,0.0,3730123.65,-45874.33,0.0,0.0,0.0,0.0,0.0,0.0,0.0,10758.37,0.0,0.0,0.0,39833.16,0.0,72386.97,0.0,0.0,0.0,0.0,1349721.5,435623.84,0.0,82667.1,544.1,18449197.96,1614384.81,14665.02,260000.0,1219111.78,21192583.38,0.0,0.0,82667.1,0.0,0.0,0.0,0.0,0.0,-3953437.46,-2860189.12,0.0,2638821.8,276095.65,244390.03
66670303030780,1309530.0,58345.0,203905.0,39992.0,498104.0,30681.0,313482.0,50515.0,0.0,128215.0,95427.0,300771.0,0.0,26906.0,105274.0,0.0,0.0,105124.0,0.0,68232.0,0.0,191496.0,0.0,9396.0,231.0,79346.0,129874.0,2063335.0,658302.0,106455.0,0.0,0.0,0.0,0.0,0.0,0.0,0.0,0.0,0.0,0.0,0.0,40218.0,103155.0,4474344.0,0.0,0.0,0.0,0.0,0.0,0.0,15507.0,0.0,0.0,0.0,1800.0,0.0,0.0,0.0,468093.0,0.0,0.0,0.0,0.0,1399082.0,0.0,0.0,0.0,0.0,0.0,213584.0,0.0,0.0,0.0,0.0,0.0,0.0,0.0,0.0,0.0,0.0,0.0,0.0,1653591.0,0.0,0.0,0.0,205614.0,0.0
66951313130168,7027320.1,608641.74,590619.01,302836.21,185219.58,0.0,360687.79,1899694.13,0.0,691328.4,208035.94,324753.43,1110056.24,48075.68,383942.33,0.0,0.0,20189.36,125005.75,15268.81,1928603.79,0.0,0.0,60772.52,79142.8,59456.78,127501.12,736412.91,668123.9,339362.37,0.0,0.0,-12822.03,0.0,192895.0,0.0,0.0,0.0,0.0,0.0,0.0,0.0,0.0,6438841.0,68625.22,0.0,0.0,0.0,0.0,0.0,0.0,191881.0,0.0,0.0,0.0,0.0,2127092.25,0.0,0.0,10000.0,0.0,0.0,0.0,1982746.46,0.0,102994.99,0.0,0.0,15242.0,1960514.19,0.0,0.0,0.0,35618.0,10000.0,102994.99,0.0,0.0,0.0,166889.0,905011.0,1057048.0,0.519999999,1714105.83,391137.0,743701.54,662106.57,0.0
66969323230083,301646.98,0.0,153189.6,0.0,26136.0,35045.41,41958.0,6608.48,0.0,34539.04,10541.08,14354.68,94232.19,1683.23,29596.86,0.0,0.0,0.0,13287.35,2735.6,63329.18,4976.39,0.0,30276.79,3085.8,4600.0,4731.6,47378.81,78756.24,23176.54,0.0,0.0,0.0,0.0,0.0,0.0,0.0,0.0,0.0,0.0,0.0,0.0,0.0,72623.0,57.0,0.0,0.0,0.0,0.0,0.0,19300.96,0.0,0.0,0.0,0.0,0.0,170138.85,0.0,0.0,0.0,0.0,0.0,0.0,71918.51,0.0,0.0,0.0,0.0,0.0,41506.22,0.0,0.0,0.0,0.0,0.0,0.0,0.0,0.0,0.0,0.0,0.0,0.0,200551.14,182717.76,0.0,3936.01,27874.58,0.0
67215336119788,349995.0,5719.0,0.0,0.0,8597.0,383.0,72183.0,30360.0,35108.0,29466.0,0.0,16317.0,24037.0,2272.0,0.0,0.0,0.0,419.0,15688.0,490.0,16505.0,6220.0,11240.0,5376.0,176.0,21499.0,11476.0,160675.0,160650.0,10561.0,0.0,0.0,0.0,0.0,2077.0,0.0,0.0,0.0,0.0,22869.0,0.0,0.0,472041.0,0.0,0.0,0.0,0.0,0.0,0.0,0.0,0.0,0.0,0.0,17554.0,0.0,0.0,0.0,0.0,42496.0,0.0,0.0,0.0,0.0,1186.0,141042.0,0.0,15000.0,1000.0,54404.0,61731.0,67015.0,237500.0,0.0,125000.0,0.0,0.0,15000.0,0.0,0.0,0.0,0.0,0.0,-251118.0,-191742.0,-46109.0,106795.0,129314.0,0.0
67249336114748,369265.3,0.0,80262.0,8768.15,36358.74,13162.51,39500.0,33937.23,863.73,33888.94,0.0,17460.47,75328.62,0.0,16956.12,0.0,0.0,0.0,16520.32,8178.49,25637.27,0.0,0.0,31410.91,713.0,15632.88,23802.6,132663.08,24326.82,7238.25,1053.53,0.0,16606.79,0.0,0.0,0.0,0.0,0.0,0.0,0.0,0.0,68969.06,0.0,771728.0,0.0,0.0,0.0,0.0,0.0,0.0,0.0,0.0,0.0,0.0,110860.11,0.0,0.0,0.0,563705.2,0.0,0.0,0.0,0.0,0.0,0.0,0.0,0.0,0.0,0.0,0.0,0.0,0.0,0.0,0.0,0.0,0.0,0.0,0.0,0.0,0.0,0.0,0.0,563705.2,434683.16,0.0,0.0,145795.97,0.0
67439340101048,499818.75,0.0,64009.73,0.0,0.0,9689.96,0.0,69440.12,15064.68,40703.69,0.0,27372.91,65490.28,3950.67,25368.52,0.0,0.0,10455.21,57446.64,11202.63,85274.08,12691.96,0.0,325.0,0.0,716.0,28852.53,6290.22,163599.12,28540.21,0.0,0.0,0.0,0.0,10740.14,0.0,0.0,0.0,0.0,0.0,0.0,0.0,0.0,491693.24,0.0,0.0,0.0,0.0,0.0,0.0,200000.0,0.0,0.0,0.0,-48898.18,0.0,0.0,0.0,146443.97,0.0,0.0,0.0,0.0,137503.63,0.0,0.0,0.0,0.0,46923.54,116215.53,21675.76,0.0,0.0,32215.73,0.0,0.0,0.0,0.0,0.0,0.0,35711.4036,0.0,125052.7164,0.0,0.0,229189.39,172858.97,0.0
67439340101295,145995.0,0.0,0.0,0.0,0.0,0.0,101699.0,0.0,0.0,0.0,0.0,18839.0,27734.0,739.0,13523.0,0.0,397.0,0.0,20325.0,255.0,29944.0,9095.0,0.0,200.0,45.0,8475.0,98.0,44313.0,58437.0,7151.0,0.0,0.0,0.0,0.0,0.0,0.0,0.0,0.0,0.0,0.0,0.0,0.0,0.0,195013.0,0.0,0.0,0.0,0.0,0.0,0.0,0.0,0.0,0.0,0.0,0.0,0.0,0.0,0.0,37393.0,0.0,0.0,0.0,0.0,2000.0,27544.0,0.0,3528.0,0.0,0.0,36991.0,0.0,3430.0,0.0,0.0,0.0,0.0,3528.0,0.0,0.0,0.0,0.0,0.0,26516.0,-2574.0,0.0,154597.0,43663.0,0.0
67439340102038,3403662.84,193449.03,371413.32,0.0,0.0,174041.58,334908.06,126694.75,895464.14,308301.23,0.0,134461.7,432102.66,45074.27,210413.2,0.0,0.0,460391.92,186524.38,18244.38,386185.28,36638.38,0.0,10769.06,19434.24,62448.0,249153.59,36114.11,1794950.84,91019.63,0.0,0.0,7920.73,0.0,17135.84,0.0,0.0,0.0,0.0,0.0,0.0,0.0,0.0,5293511.12,0.0,0.0,0.0,0.0,0.0,0.0,0.0,0.0,107861.91,0.0,48898.18,0.0,0.0,0.0,2325477.89,0.0,0.0,0.0,0.0,1057593.38,0.0,0.0,15330.06,0.0,298469.02,1739152.31,307548.94,0.0,0.0,0.0,0.0,0.0,15330.06,0.0,0.0,148020.58,301674.4602,361728.0,823415.9998,0.0,0.0,2925072.49,231519.62,0.0
67439340102343,286776.85,0.0,74559.89,0.0,0.0,0.0,0.0,33543.77,38931.73,25904.41,5491.27,10022.67,37544.06,7037.67,23235.75,0.0,0.0,2729.68,0.0,32533.7,31105.09,0.0,34383.69,2634.92,196.8,5429.94,8490.91,70748.94,71087.43,5771.32,0.0,0.0,10249.84,0.0,17339.93,0.0,0.0,0.0,0.0,0.0,0.0,0.0,0.0,369749.0,0.0,0.0,0.0,0.0,0.0,0.0,50000.0,0.0,15857.03,0.0,0.0,0.0,0.0,0.0,-208873.6,0.0,0.0,0.0,0.0,164306.61,0.0,0.0,12500.0,0.0,139632.69,85100.35,0.0,0.0,0.0,0.0,0.0,0.0,12500.0,0.0,0.0,0.0,0.0,0.0,9965.35,-3700.92,0.0,228630.36,64433.99,0.0
67686360100271,332695.38,73844.04,89939.47,0.0,300281.27,34644.54,0.0,70567.66,0.0,45801.16,56312.28,35563.36,116623.23,627.94,41131.0,0.0,0.0,0.0,13142.71,4702.37,44130.79,104152.07,3890.31,92392.66,3564.81,21348.04,40970.49,71061.9,343978.65,17756.07,0.0,0.0,0.0,0.0,0.0,0.0,0.0,0.0,0.0,1784.04,35386.53,0.0,0.0,1425534.0,0.0,0.0,0.0,0.0,0.0,0.0,0.0,0.0,0.0,0.0,140000.0,0.0,0.0,0.0,160270.57,500.0,0.0,0.0,0.0,62645.5,0.0,0.0,0.0,143500.0,0.0,18339.43,0.0,228219.58,0.0,0.0,500.0,0.0,0.0,60557.06,0.0,0.0,59300.0,0.0,-5.45697e-11,0.0,0.0,2995.83,262572.0,0.0
67827363631041,4511538.34,0.0,1227219.59,0.0,1009085.99,347332.72,551634.11,707778.97,12863.34,424984.69,295752.59,318568.43,1427622.87,115389.59,283673.47,0.0,0.0,0.0,404089.55,159.73,273945.29,27559.21,0.0,99134.19,1686.5,70005.05,112221.1,1603087.77,4651173.81,110439.09,14645.0,0.0,66775.0,0.0,0.0,0.0,0.0,0.0,0.0,144212.47,86036.81,1000000.0,0.0,15008281.16,11967.91,0.0,0.0,0.0,0.0,0.0,0.0,0.0,0.0,482364.03,1000000.0,0.0,0.0,0.0,696270.72,0.0,0.0,0.0,0.0,2844372.2,1859951.11,0.0,8375.0,24475.0,0.0,7550628.35,697487.89,0.0,0.0,0.0,0.0,0.0,8375.0,0.0,0.0,0.0,0.0,856950.55,-3679997.76,-2332718.46,-185902.6,1326332.6,657716.64,0.0
67843363630928,218694.22,28440.0,13999.92,0.0,84852.5,25761.21,0.0,0.0,0.0,25008.59,3699.06,9644.39,16010.83,1219.08,22919.0,0.0,0.0,9.66,3436.31,6850.62,7808.0,3671.19,0.0,0.0,2460.44,12283.06,26222.13,83555.2,57774.95,5650.58,0.0,0.0,0.0,0.0,0.0,0.0,0.0,0.0,0.0,0.0,0.0,0.0,0.0,418043.0,-134.0,0.0,0.0,0.0,0.0,0.0,4769.0,0.0,0.0,0.0,43953.0,0.0,0.0,0.0,82559.14,0.0,0.0,0.0,0.0,182.0,58411.43,0.0,5000.0,3600.0,0.0,115588.01,0.0,0.0,2850.0,0.0,0.0,0.0,5000.0,0.0,0.0,3200.0,19799.1282,0.0,3315.4318,3139.1,0.0,38299.83,27898.57,0.0
67876363630993,117967.0,0.0,40320.0,0.0,15705.0,36761.0,16763.0,57651.0,0.0,8077.0,2860.0,3513.0,23009.0,376.0,15769.0,0.0,0.0,81220.0,7808.0,0.0,2467.0,0.0,4212.0,0.0,54.0,10497.0,16427.0,8766.0,44711.0,2590.0,1666.0,0.0,0.0,0.0,0.0,0.0,0.0,0.0,0.0,0.0,45600.0,0.0,471154.0,0.0,3085.0,0.0,0.0,0.0,0.0,0.0,0.0,80049.99,0.0,21958.0,0.0,0.0,19731.19,0.0,4338.44,0.0,0.0,0.0,0.0,59744.11,0.0,0.0,0.0,0.0,0.0,12360.56,0.0,0.0,0.0,0.0,0.0,0.0,0.0,0.0,0.0,0.0,0.0,0.0,71453.18,19731.19,0.0,4699.0,11796.0,0.0
67934363630670,1439825.0,0.0,177009.0,0.0,0.0,0.0,139343.0,452545.0,0.0,0.0,0.0,128223.0,124936.0,77081.0,94736.0,0.0,0.0,14138.0,644893.0,7532.0,299219.0,7219.0,0.0,44090.0,9571.0,18330.0,22561.0,283731.0,280464.0,112118.0,0.0,0.0,0.0,0.0,142979.0,0.0,0.0,0.0,0.0,0.0,0.0,0.0,0.0,3327175.0,0.0,0.0,0.0,0.0,0.0,0.0,0.0,0.0,0.0,0.0,0.0,0.0,0.0,0.0,395737.0,0.0,0.0,0.0,0.0,784121.0,395429.0,0.0,0.0,8851.0,202222.0,552276.0,83044.0,0.0,0.0,0.0,0.0,0.0,0.0,0.0,0.0,0.0,0.0,0.0,1151040.0,1325166.0,0.0,5027.0,103525.0,0.0
67934363630761,2473714.36,0.0,287901.24,0.0,296190.99,57980.36,253325.5,788314.5,0.0,177949.62,163647.38,219298.88,835116.32,10321.56,269072.71,0.0,0.0,0.0,129532.88,4122.3,460357.09,39448.63,0.0,173442.8,34382.09,9931.0,62641.29,229029.44,208241.5,86223.17,0.0,0.0,0.0,0.0,0.0,0.0,0.0,0.0,0.0,0.0,0.0,28071.73,0.0,5622031.0,14296.0,0.0,0.0,0.0,0.0,0.0,5000.0,0.0,0.0,105075.0,0.0,0.0,-27257.6,0.0,1201957.82,550.0,0.0,0.0,0.0,862185.75,0.0,0.0,30209.0,255000.0,0.0,366933.89,0.0,0.0,0.0,0.0,550.0,0.0,30209.0,0.0,1102294.49,0.0,0.0,0.0,822657.59,1388035.88,0.0,18227.57,254005.95,363013.5
68049376119564,1135903.74,0.0,504186.31,0.0,0.0,0.0,55282.68,1920.71,0.0,0.0,0.0,150170.6416,95212.34,16810.76,123587.33,0.0,0.0,645.0,0.0,304920.69,61106.01,0.0,490.23,58038.04,1042.0,11686.87,2989.67,42650.92,621993.23,26170.12,0.0,0.0,3176.3,0.0,2352.048,0.0,0.0,0.0,0.0,0.0,0.0,0.0,0.0,2149591.0,2505.0,0.0,0.0,0.0,0.0,0.0,200000.0,0.0,0.0,0.0,0.0,0.0,0.0,0.0,139815.31,0.0,0.0,0.0,0.0,596891.8,0.0,0.0,0.0,13071.35,147662.702,583485.78,0.0,204287.1216,0.0,0.0,0.0,0.0,0.0,0.0,0.0,0.0,0.0,0.0,109668.2604,80283.81,0.0,231579.46,110639.61,0.0
68098370101535,452859.65,0.0,50142.4,0.0,6897.51,41865.85,2800.0,58610.73,11800.91,41911.01,0.86,19585.55,0.0,2118.11,12030.35,0.0,0.0,68190.35,40107.29,14890.32,54769.17,28518.14,0.0,2015.64,42.5,19907.07,31457.34,174290.71,385889.38,7737.48,47440.98,0.0,0.0,0.0,0.0,0.0,0.0,0.0,0.0,0.0,0.0,0.0,0.0,582777.19,0.0,0.0,0.0,0.0,0.0,0.0,0.0,0.0,0.0,303556.42,0.0,0.0,42697.04,0.0,0.0,5000.0,0.0,0.0,0.0,296674.22,0.0,0.0,0.0,0.0,0.0,256604.98,0.0,0.0,0.0,0.0,5000.0,0.0,0.0,0.0,0.0,5819.16,70448.0,0.0,6499.12,50000.0,0.0,1904.39,218422.77,0.0
68098376116776,1114125.62,0.0,73137.26,0.0,0.0,259393.56,93889.74,0.0,0.0,94601.05,36922.27,0.0,183895.25,0.0,20209.37,0.0,0.0,0.0,155501.77,3848.82,17393.39,37094.6,0.0,17769.99,5503.86,24007.86,617618.84,212267.0,0.0,0.0,0.0,0.0,0.0,0.0,0.0,0.0,0.0,0.0,0.0,0.0,0.0,0.0,0.0,1468996.0,0.0,0.0,0.0,0.0,0.0,0.0,0.0,0.0,0.0,0.0,0.0,0.0,17933.89,0.0,13980.05,0.0,0.0,0.0,0.0,126012.21,0.0,0.0,7750.0,695.35,1217725.51,191822.62,0.0,30000.0,0.0,707426.88,0.0,0.0,7750.0,0.0,0.0,0.0,0.0,0.0,447097.51,424985.35,0.0,139443.25,118605.8,0.0
68106373731023,2061064.03,0.0,332239.66,0.0,226648.84,269121.31,33378.78,346067.02,4551.84,214263.31,82668.78,107945.95,0.0,10922.43,51368.47,0.0,0.0,346679.31,11719.67,2932.74,53424.83,71271.42,0.0,8663.08,5833.2,32275.0,146280.98,626005.15,-214611.5,56238.91,1531664.58,5268.48,0.0,0.0,0.0,0.0,0.0,0.0,0.0,219439.63,248238.33,0.0,0.0,2269088.0,286160.0,0.0,0.0,0.0,0.0,0.0,0.0,0.0,0.0,0.0,0.0,0.0,468775.98,0.0,0.0,10000.0,0.0,0.0,0.0,890195.68,0.0,0.0,107591.68,16573.0,152727.0,270980.22,0.0,534052.12,690000.0,0.0,10000.0,0.0,107591.68,0.0,0.0,58880.92,0.0,0.0,-25641.6,519504.21,0.0,239129.4,595801.7,0.0
68171373731254,4348698.81,1214468.17,101664.83,0.0,257938.22,442636.48,59566.7,0.0,0.0,464677.41,65591.98,155865.81,673883.06,23838.33,333052.53,0.0,0.0,0.0,0.0,0.0,1309455.92,0.0,0.0,193100.45,10077.0,30923.53,41009.66,301496.64,1268732.33,134591.61,0.0,0.0,0.0,0.0,12951.66,0.0,0.0,0.0,0.0,0.0,0.0,0.0,0.0,9831473.0,120433.33,0.0,0.0,0.0,0.0,0.0,0.0,0.0,0.0,0.0,0.0,0.0,113110.62,0.0,6508.25,32500.0,0.0,0.0,140074.44,1872986.64,0.0,0.0,66016.33,1330.0,84176.1,1491002.84,0.0,0.0,0.0,0.0,32500.0,0.0,66016.33,0.0,0.0,0.0,343326.63,0.0,383856.58,7466.91,0.0,456646.74,397455.69,0.0
68189376120901,179614.87,0.0,55800.71,0.0,10073.7,0.0,31300.67,0.0,0.0,14751.16,3690.94,10746.51,28074.66,2559.79,21742.77,0.0,0.0,1465.84,2181.6,0.0,9678.41,0.0,0.0,5278.79,81.0,2586.0,0.0,0.0,163180.58,0.0,0.0,0.0,17930.76,0.0,0.0,0.0,0.0,0.0,0.0,0.0,0.0,88805.0,0.0,221661.0,0.0,0.0,0.0,0.0,0.0,0.0,0.0,0.0,0.0,106918.14,0.0,0.0,128849.89,0.0,80765.75,0.0,0.0,0.0,0.0,112569.3,0.0,0.0,0.0,0.0,0.0,201088.42,0.0,70804.92,0.0,0.0,0.0,0.0,0.0,0.0,0.0,0.0,17015.0,0.0,33276.6,31372.94,0.0,96768.88,43722.45,28893.95
68304373731544,106890.02,0.0,1.0,0.0,0.0,0.0,45000.0,26004.0,0.0,10496.55,2624.04,6065.63,14276.88,538.35,3776.2,0.0,0.0,0.0,20735.83,1548.45,8462.09,0.0,13784.31,0.0,187.0,5246.0,17374.64,70142.17,35009.69,4307.33,291.04,0.0,705.8,0.0,0.0,0.0,0.0,0.0,0.0,9882.93,0.0,0.0,0.0,149880.24,-8928.0,0.0,0.0,0.0,0.0,0.0,4817.89,0.0,0.0,0.0,0.0,0.0,-4056.75,0.0,-811.32,0.0,0.0,1749.57,0.0,0.0,0.0,0.0,0.0,0.0,66779.0,17535.74,13014.0,1586.0,0.0,258496.52,0.0,0.0,0.0,0.0,0.0,0.0,0.0,0.0,-226971.76,-215682.93,0.0,93650.77,10169.22,0.0
68338370101204,620476.11,0.0,83126.03,0.0,0.0,0.0,43999.91,32328.43,0.0,49049.64,0.0,22551.66,61868.87,1110.32,29922.89,0.0,0.0,0.0,16537.03,6902.61,38360.42,0.0,564.2,13110.37,6725.32,21132.52,45650.38,197670.9,312406.38,17182.61,0.0,0.0,0.0,0.0,0.0,0.0,0.0,0.0,0.0,0.0,0.0,0.0,0.0,355889.0,0.0,0.0,0.0,0.0,0.0,0.0,30634.0,0.0,0.0,0.0,69708.67,0.0,91651.13,0.0,115543.98,0.0,0.0,0.0,0.0,10564.45,201882.48,0.0,0.0,0.0,0.0,420885.28,0.0,0.0,0.0,0.0,0.0,0.0,0.0,0.0,0.0,0.0,0.0,0.0,-1243.24,-71477.8,0.0,0.0,89773.48,0.0
68338370101345,124517.15,0.0,59114.65,0.0,0.0,0.0,0.0,15750.0,2530.0,0.0,0.0,18972.98,7759.7,0.0,16470.0,0.0,0.0,15994.06,0.0,6182.97,16551.5,0.0,1529.15,5813.72,0.0,13905.28,11998.18,115804.67,22499.78,6882.6,0.0,0.0,12110.3,0.0,0.0,0.0,0.0,0.0,0.0,0.0,0.0,0.0,0.0,278296.0,0.0,0.0,0.0,0.0,0.0,0.0,229769.0,0.0,0.0,16988.0,806.21,0.0,139425.43,0.0,154782.81,0.0,0.0,0.0,0.0,20000.0,0.0,0.0,0.0,0.0,3170.22,0.0,0.0,15984.7,0.0,0.0,0.0,0.0,0.0,0.0,0.0,0.0,0.0,0.0,301383.76,8957.57,0.0,159904.67,0.0,0.0
68338373730959,2146412.26,77745.72,493566.04,104433.07,325326.51,64215.0,199760.64,363245.42,59305.56,225717.17,70477.62,123894.59,422192.69,12297.02,70843.74,0.0,0.0,1632.16,19093.86,9299.91,120780.76,19067.33,0.0,35037.69,10354.0,29378.67,85951.28,419051.23,296207.49,31350.16,0.0,0.0,0.0,0.0,0.0,566266.08,0.0,0.0,0.0,0.0,0.0,0.0,1107119.0,2117214.0,54411.75,0.0,0.0,0.0,0.0,0.0,2981.03,0.0,0.0,354386.1,0.0,0.0,3583584.16,0.0,756003.91,19737.67,834246.6,0.0,52980.78,163839.87,1098331.39,0.0,2503200.76,0.0,0.0,112492.11,83164.0,0.0,23576.49,0.0,19737.67,0.0,2503200.76,5459184.63,258757.0,0.0,551812.48,0.0,5.52973e-10,6908465.9,0.0,207183.12,273542.93,0.0
68338373731189,1721655.0,62178.0,204537.0,0.0,0.0,239624.0,143456.0,162041.0,0.0,52605.2,0.0,116459.0,601564.0,6655.0,16637.0,0.0,0.0,0.0,116439.0,37796.0,341595.0,0.0,0.0,10405.0,6000.0,0.0,340464.0,85642.0,728198.0,0.0,0.0,0.0,66980.0,0.0,0.0,0.0,0.0,0.0,0.0,0.0,0.0,0.0,0.0,1094269.0,31378.0,0.0,0.0,0.0,0.0,0.0,105730.0,0.0,0.0,296084.0,0.0,0.0,5412242.47,0.0,0.0,0.0,0.0,0.0,0.0,18847.0,372206.1,0.0,0.0,202622.48,0.0,1311385.62,0.0,0.0,0.0,4694532.43,0.0,0.0,0.0,0.0,0.0,0.0,0.0,0.0,3769512.88,3533970.44,0.0,1075703.0,138392.64,0.0
68338373731247,1230204.07,0.0,291451.28,0.0,0.0,0.0,0.0,221982.29,0.0,107816.78,0.0,51408.11,126091.25,2772.42,71449.59,0.0,0.0,0.0,10249.65,7175.14,37957.12,8778.63,126.94,100925.27,4802.69,35609.52,0.0,152846.13,469224.24,38453.46,0.0,0.0,0.0,0.0,0.0,0.0,0.0,0.0,0.0,31363.51,0.0,0.0,0.0,816334.0,0.0,0.0,0.0,0.0,0.0,0.0,30192.0,0.0,0.0,0.0,1189532.63,0.0,130773.54,0.0,73371.41,0.0,0.0,0.0,0.0,953766.84,359172.13,0.0,0.0,0.0,0.0,500851.78,0.0,975660.75,0.0,0.0,0.0,0.0,0.0,0.0,0.0,0.0,0.0,0.0,40571.39,-603685.48,0.0,0.0,66670.59,0.0
68338373731320,312780.87,47404.0,51149.32,0.0,0.0,0.0,38025.96,0.0,0.0,0.0,0.0,35150.95,45272.63,12892.89,18352.53,0.0,0.0,5114.65,8720.53,3159.52,9625.18,0.0,0.0,2872.5,2161.35,15435.17,53570.45,129016.71,20798.62,297.86,42605.55,0.0,4231.75,0.0,0.0,0.0,0.0,0.0,0.0,0.0,0.0,0.0,0.0,291009.79,1799.0,0.0,0.0,0.0,0.0,0.0,0.0,0.0,0.0,0.0,24035.6,0.0,249087.43,0.0,26546.45,0.0,0.0,0.0,0.0,182798.72,0.0,0.0,0.0,0.0,88891.57,94411.48,27852.48,0.0,0.0,250000.0,0.0,0.0,0.0,0.0,0.0,0.0,0.0,0.0,175060.21,148174.65,0.0,17532.91,53343.27,0.0
68338373731395,179460.01,0.0,66699.27,0.0,23065.67,0.0,46046.83,0.0,0.0,18303.44,2404.67,10330.24,19125.46,940.6,7048.6,0.0,0.0,1514.74,21762.33,1656.57,38842.11,11704.82,0.0,6829.02,640.0,1673.26,534.46,11712.83,139165.76,1834.38,0.0,0.0,0.0,0.0,0.0,0.0,0.0,0.0,0.0,0.0,0.0,0.0,53406.0,146641.78,2266.0,0.0,0.0,0.0,0.0,0.0,0.0,0.0,0.0,663.0,0.0,0.0,135184.45,0.0,34864.94,0.0,0.0,0.0,0.0,161346.87,0.0,0.0,25019.32,0.0,0.0,62255.34,0.0,0.0,7001.0,0.0,0.0,0.0,25019.32,0.0,6984.0,0.0,75801.34,179354.58,-4.36557e-11,136852.18,0.0,3411.81,214281.61,0.0
68338374330684,0.0,0.0,0.0,0.0,0.0,0.0,0.0,0.0,0.0,0.0,0.0,0.0,0.0,0.0,0.0,0.0,0.0,0.0,0.0,0.0,0.0,0.0,0.0,0.0,0.0,0.0,0.0,0.0,0.0,0.0,0.0,0.0,0.0,0.0,0.0,0.0,0.0,0.0,0.0,0.0,0.0,0.0,0.0,0.0,0.0,0.0,0.0,0.0,0.0,0.0,0.0,0.0,0.0,0.0,0.0,0.0,257246.8,0.0,0.0,0.0,0.0,0.0,0.0,970.03,0.0,0.0,0.0,0.0,0.0,0.0,252472.0,0.0,0.0,0.0,0.0,0.0,0.0,0.0,0.0,0.0,0.0,5744.83,0.0,405.24,0.0,5339.59,0.0,0.0
68338376039457,1472632.26,180937.68,69474.59,2079.55,47950.32,61661.4,162053.13,45412.77,0.0,173274.8,25576.74,43613.54,252792.99,5574.67,66000.28,0.0,0.0,13.2,18324.77,1168.9,199273.4,1571.47,0.0,2869.29,1979.0,0.0,32490.6,58304.4,112214.84,2866.72,0.0,0.0,0.0,0.0,0.0,0.0,0.0,0.0,0.0,0.0,0.0,0.0,0.0,543074.0,29161.0,0.0,0.0,0.0,0.0,0.0,321028.01,0.0,0.0,0.0,0.0,0.0,1907752.44,0.0,0.0,10000.0,0.0,0.0,0.0,125849.33,270661.79,0.0,0.0,0.0,0.0,1452991.4,0.0,0.0,0.0,0.0,10000.0,0.0,0.0,0.0,0.0,0.0,0.0,851272.16,4.65661e-10,483442.7,0.0,23899.96,494161.1,0.0
68338376040018,600623.93,0.0,102446.17,38207.27,36330.07,0.0,0.0,104857.79,16699.05,60827.18,12713.72,22525.1,95135.8,2701.16,31828.24,0.0,0.0,1534.9,0.0,37800.15,26160.22,249.56,813.5,3415.0,891.0,0.0,27759.46,13066.74,356851.4,7986.76,0.0,0.0,0.0,0.0,0.0,0.0,0.0,0.0,0.0,0.0,0.0,0.0,0.0,319392.0,13020.0,0.0,0.0,0.0,0.0,0.0,6632.41,0.0,0.0,116026.0,0.0,0.0,506136.36,0.0,0.0,3000.0,0.0,0.0,0.0,58683.61,107914.72,0.0,0.0,0.0,0.0,539167.8,0.0,0.0,0.0,0.0,3000.0,0.0,0.0,0.0,0.0,0.0,0.0,140413.85,-6846.96,73242.13,0.0,6328.95,176269.57,0.0
68338376061956,3963234.0,140295.0,223503.0,268509.0,220889.0,614253.0,102374.0,348541.0,74503.0,251377.0,104565.0,177291.0,787400.0,22107.0,229758.0,0.0,0.0,11340.0,209750.0,70253.0,273637.0,20184.0,0.0,89454.0,205.0,24300.0,160525.0,28939.0,1409699.0,9673.0,0.0,0.0,0.0,0.0,0.0,0.0,0.0,0.0,0.0,0.0,0.0,0.0,181155.0,1915605.0,92672.0,0.0,0.0,0.0,0.0,0.0,3547.0,0.0,0.0,1324177.0,0.0,0.0,3024670.0,0.0,0.0,10000.0,0.0,0.0,0.0,488729.0,1028432.0,0.0,0.0,0.0,0.0,2743574.0,0.0,0.0,0.0,0.0,10000.0,0.0,0.0,0.0,0.0,0.0,0.0,1798257.0,0.0,1756586.0,0.0,58212.0,591834.0,0.0
68338376061964,3828556.06,101674.57,239596.7,72056.96,206708.92,217804.95,61801.35,484772.6,31541.87,347408.0,90603.43,146277.64,688591.29,30889.8,203834.82,0.0,0.0,15933.89,22763.0,39238.95,244204.59,48691.58,0.0,10394.81,200.0,0.0,160688.87,44491.17,1315158.02,14790.69,0.0,0.0,905.0,0.0,0.0,0.0,0.0,0.0,0.0,0.0,0.0,0.0,0.0,1774274.0,44593.0,0.0,0.0,0.0,0.0,0.0,20780.89,0.0,0.0,953508.0,0.0,0.0,5366070.76,0.0,0.0,10000.0,0.0,0.0,0.0,313201.25,735382.53,0.0,0.0,0.0,0.0,4073129.77,0.0,0.0,0.0,0.0,10000.0,0.0,0.0,0.0,0.0,0.0,0.0,2341524.77,-1.62981e-09,2506714.36,0.0,84204.56,479615.49,0.0
68338376113211,313399.11,0.0,0.0,157.3,0.0,0.0,78637.56,74837.0,19008.98,27542.9,9742.86,12943.77,82437.94,1319.33,15611.16,0.0,0.0,849.5,0.0,181.0,42269.05,337.18,0.0,0.0,0.0,0.0,374.98,25791.76,26985.34,959.73,500.0,0.0,871.84,0.0,0.0,0.0,0.0,0.0,0.0,0.0,0.0,0.0,0.0,122854.0,6462.0,0.0,0.0,0.0,0.0,0.0,2392.56,0.0,0.0,60562.0,0.0,0.0,258492.32,0.0,0.0,0.0,0.0,0.0,0.0,32934.54,89279.52,0.0,0.0,0.0,0.0,523932.29,0.0,0.0,0.0,0.0,0.0,0.0,0.0,0.0,0.0,0.0,0.0,-143225.91,8.73115e-11,-263045.35,0.0,2818.6,194402.57,0.0
68338376114961,866210.93,1432.97,108440.0,6772.99,77054.51,0.0,170860.73,0.0,0.0,82331.6,15692.46,31479.01,144093.53,3564.67,42212.61,0.0,0.0,1939.07,18639.73,5706.34,114362.55,12939.83,0.0,32703.63,113.0,59.92,0.0,201131.28,265083.25,96090.22,1667.16,0.0,1014.17,0.0,0.0,0.0,0.0,0.0,0.0,0.0,0.0,0.0,0.0,386062.0,15123.0,0.0,0.0,0.0,0.0,0.0,18380.27,0.0,0.0,119145.0,0.0,0.0,1005048.83,0.0,0.0,10000.0,0.0,0.0,0.0,92352.04,128064.89,0.0,0.0,0.0,0.0,829010.88,34428.0,0.0,0.0,0.0,10000.0,0.0,0.0,0.0,0.0,0.0,0.0,362026.88,-1.74623e-10,443062.08,0.0,13408.42,327460.77,0.0
68338376115570,189892.94,0.0,0.0,0.0,40998.94,0.0,22923.48,0.0,0.0,15656.6,5734.29,7743.93,19372.64,767.35,9079.84,0.0,0.0,375.94,1618.92,0.0,11341.26,1773.44,0.0,0.0,0.0,0.0,2156.56,0.0,82673.56,306.23,0.0,0.0,0.0,0.0,0.0,0.0,0.0,0.0,0.0,0.0,0.0,0.0,0.0,78005.0,3525.0,0.0,0.0,0.0,0.0,0.0,2751.06,0.0,0.0,6130.0,0.0,0.0,188698.4,0.0,0.0,2000.0,0.0,0.0,0.0,22178.28,16286.73,0.0,0.0,0.0,0.0,133763.93,0.0,0.0,0.0,0.0,2000.0,0.0,0.0,0.0,0.0,0.0,0.0,93399.48,4.36557e-11,51415.43,0.0,2359.96,101695.95,0.0
68338376117279,255580.39,73052.04,0.0,0.0,34705.77,0.0,23127.04,28556.48,0.0,26449.28,8939.12,11956.87,61917.67,1245.07,14733.11,0.0,0.0,784.63,157.81,218.0,44709.56,2200.3,0.0,1398.0,0.0,0.0,7630.92,117503.91,116759.25,4403.66,7490.0,0.0,0.0,0.0,0.0,0.0,0.0,0.0,0.0,0.0,0.0,0.0,0.0,143801.0,7486.0,0.0,0.0,0.0,0.0,0.0,4943.33,0.0,0.0,76661.0,0.0,0.0,460045.52,0.0,0.0,0.0,0.0,0.0,0.0,29567.98,91267.41,0.0,0.0,0.0,0.0,270801.75,0.0,0.0,0.0,0.0,0.0,0.0,0.0,0.0,0.0,0.0,0.0,0.0,310079.16,332952.26,0.0,7383.63,94163.27,0.0
68338376117436,330377.34,0.0,78265.77,32142.54,57105.99,0.0,0.0,95811.93,0.0,34971.39,7366.46,15740.72,84806.53,1781.21,21137.74,0.0,0.0,999.19,21508.37,224.0,32669.0,2802.09,0.0,240.0,0.0,0.0,8877.06,137937.04,210003.0,12350.87,0.0,0.0,0.0,0.0,0.0,0.0,0.0,0.0,0.0,0.0,0.0,0.0,0.0,129304.0,9328.0,0.0,0.0,0.0,0.0,0.0,1659.43,0.0,0.0,101945.0,0.0,0.0,405699.96,0.0,0.0,5000.0,0.0,0.0,0.0,13110.22,65171.06,0.0,0.0,0.0,0.0,821433.37,11121.0,0.0,0.0,0.0,5000.0,0.0,0.0,0.0,0.0,0.0,0.0,-348573.19,0.06,-21624.23,0.0,12543.04,149693.87,0.0
68338376117683,663756.65,83605.94,0.0,0.0,0.0,0.0,0.0,66369.3,0.0,47998.91,0.0,28615.88,55892.22,2207.57,31249.72,0.0,0.0,7572.01,8137.16,0.0,19185.27,0.0,0.0,5566.12,334.6,13024.77,39714.83,137356.0,59120.46,2135.65,0.0,0.0,352.93,0.0,0.0,0.0,0.0,0.0,0.0,0.0,0.0,0.0,0.0,231253.0,683.0,0.0,0.0,0.0,0.0,0.0,0.0,0.0,0.0,0.0,263523.92,0.0,4341.32,0.0,626171.1,0.0,0.0,0.0,0.0,30032.81,0.0,0.0,0.0,0.0,165700.21,130829.49,0.0,0.0,0.0,50000.0,0.0,0.0,0.0,0.0,0.0,0.0,0.0,0.0,645415.95,480938.92,0.0,21791.53,159741.58,0.0
68338376119168,573250.73,0.0,96666.6,0.0,91227.82,0.0,22631.96,0.0,0.0,61607.12,1432.75,20440.21,92555.38,1788.81,39901.92,0.0,0.0,2191.18,18317.89,1834.1,26258.26,3324.64,2172.98,4634.39,339.0,11647.1,59570.15,185830.29,201549.67,0.0,0.0,0.0,2099.99,0.0,0.0,0.0,0.0,0.0,0.0,0.0,0.0,0.0,0.0,297130.0,0.0,0.0,0.0,0.0,0.0,0.0,15467.48,0.0,0.0,3090.0,0.0,0.0,298990.25,0.0,230516.62,0.0,0.0,-180.0,0.0,6453.86,0.0,0.0,0.0,104810.51,0.0,179921.01,0.0,125000.0,0.0,0.0,0.0,0.0,0.0,0.0,0.0,0.0,0.0,0.0,335670.23,-171011.0,0.0,275626.91,548055.78,0.0
68338376119598,653728.0,0.0,0.0,0.0,92530.0,0.0,185040.0,0.0,0.0,105945.0,23807.0,28205.0,130837.0,11270.0,45756.0,0.0,0.0,7558.0,36887.0,22472.0,3766.0,89007.0,1635.0,4516.0,0.0,11036.0,34193.0,119663.0,146588.0,35791.0,0.0,0.0,6693.0,1500.0,0.0,0.0,0.0,0.0,0.0,0.0,160000.0,0.0,0.0,344501.0,0.0,0.0,0.0,0.0,0.0,0.0,115722.0,0.0,0.0,130221.0,0.0,0.0,270546.0,0.0,448371.0,0.0,0.0,0.0,0.0,127634.0,0.0,0.0,0.0,7388.0,0.0,69338.0,0.0,0.0,0.0,0.0,0.0,0.0,0.0,0.0,0.0,0.0,0.0,0.0,784601.0,684106.0,0.0,130427.0,117135.0,0.0
68338376120935,333626.38,4561.04,73158.6,0.0,88908.49,0.0,61820.7,9544.28,17210.7,36877.67,13690.62,17518.46,82358.27,1604.47,18910.75,0.0,0.0,1051.98,3529.65,3390.2,102380.18,1607.5,0.0,4511.85,484.25,0.0,2505.84,62670.67,-11478.88,3634.1,0.0,149.0,0.0,0.0,0.0,0.0,0.0,0.0,0.0,0.0,0.0,0.0,0.0,120023.0,1479.0,0.0,0.0,0.0,0.0,0.0,5349.56,0.0,0.0,0.0,0.0,0.0,296259.53,0.0,0.0,5000.0,0.0,0.0,0.0,55397.35,51460.22,0.0,0.0,0.0,0.0,278691.28,317.0,150000.0,0.0,0.0,5000.0,0.0,0.0,0.0,0.0,0.0,0.0,-25891.18,-1.49157e-10,65338.64,0.0,162418.91,110905.48,0.0
68338376120943,307681.88,0.0,100231.8,0.0,0.0,0.0,0.0,88639.71,0.0,33352.68,7644.55,12763.34,66103.3,1484.35,17608.05,0.0,0.0,932.0,8366.55,0.0,72419.35,0.0,0.0,1296.5,292.5,322.12,946.09,284063.11,287525.81,8974.43,23692.61,0.0,260.85,0.0,0.0,0.0,0.0,0.0,0.0,0.0,0.0,0.0,0.0,200714.0,8792.0,0.0,0.0,0.0,0.0,0.0,1061.99,0.0,0.0,364815.0,0.0,0.0,46791.15,0.0,0.0,0.0,0.0,0.0,0.0,60605.79,109004.86,0.0,0.0,0.0,0.0,258220.46,0.0,0.0,0.0,0.0,0.0,0.0,0.0,0.0,0.0,0.0,0.0,23259.25,-65077.91,-333331.77,0.0,25205.6,293841.33,0.0
68478380101261,194136.37,0.0,14582.95,0.0,0.0,0.0,106316.24,0.0,0.0,0.0,0.0,23970.04,14376.95,5149.39,13754.53,0.0,0.0,0.0,3847.36,0.0,23363.81,0.0,734.58,8182.86,800.0,23891.72,17448.26,146413.81,122413.4,6707.6,0.0,0.0,2074.0,0.0,1654.74,0.0,0.0,0.0,0.0,0.0,0.0,0.0,0.0,61898.0,0.0,0.0,0.0,0.0,0.0,0.0,0.0,0.0,0.0,0.0,0.0,0.0,0.0,0.0,95915.33,0.0,0.0,0.0,0.0,0.0,0.0,0.0,0.0,20440.25,9377.82,27677.5,0.0,0.0,0.0,0.0,0.0,0.0,0.0,0.0,0.0,0.0,0.0,0.0,98055.9,0.0,0.0,202910.0,202691.51,0.0
68478380101337,188237.48,64999.92,0.0,0.0,0.0,0.0,43874.93,5989.33,0.0,0.0,0.0,0.0,45756.13,0.0,0.0,0.0,0.0,0.0,15833.12,1390.25,28375.22,52289.19,0.0,0.0,0.0,29977.55,30527.38,101303.85,28792.45,3089.93,0.0,0.0,0.0,0.0,0.0,0.0,0.0,0.0,0.0,0.0,0.0,0.0,0.0,358155.63,0.0,0.0,0.0,0.0,0.0,0.0,0.0,0.0,0.0,175778.17,759.07,0.0,0.0,0.0,278533.25,0.0,0.0,0.0,0.0,13775.0,31914.86,0.0,0.0,0.0,0.0,1184.87,3482.43,6021.06,112337.33,0.0,0.0,0.0,0.0,0.0,0.0,0.0,0.0,0.0,201197.42,0.0,0.0,280273.11,13200.24,0.0
68478380101352,156518.0,0.0,63802.0,7000.0,0.0,0.0,0.0,44917.0,0.0,0.0,0.0,24868.0,13958.0,0.0,10046.0,0.0,0.0,2940.0,16761.0,5785.0,27224.0,4787.0,5718.0,16653.0,0.0,6999.0,4367.0,14368.0,20051.0,0.0,0.0,0.0,0.0,0.0,0.0,0.0,0.0,0.0,0.0,0.0,0.0,0.0,0.0,329416.0,0.0,0.0,0.0,0.0,0.0,0.0,212880.0,0.0,0.0,0.0,1739.0,0.0,0.0,0.0,334313.0,0.0,0.0,0.0,0.0,28418.0,0.0,0.0,0.0,0.0,569.0,16766.0,0.0,0.0,0.0,0.0,0.0,0.0,0.0,0.0,0.0,0.0,0.0,0.0,346534.0,-499.0,0.0,232236.0,4807.0,0.0
68478380101774,467569.93,0.0,148696.38,37700.0,0.0,0.0,0.0,33000.04,0.0,46539.43,2917.62,10726.7,36630.34,1113.11,26416.73,0.0,0.0,1044.76,0.0,0.0,33388.4,0.0,0.0,1650.54,1400.0,6711.67,0.0,0.0,214467.09,0.0,0.0,0.0,5208.29,0.0,0.0,0.0,0.0,0.0,0.0,0.0,0.0,0.0,0.0,168761.0,0.0,0.0,0.0,0.0,0.0,0.0,0.0,0.0,0.0,1556.0,0.0,0.0,0.0,0.0,128765.97,0.0,0.0,0.0,0.0,33321.7,0.0,0.0,0.0,0.0,0.0,71180.3,0.0,0.0,0.0,0.0,0.0,0.0,0.0,0.0,0.0,0.0,32255.43,0.0,58651.94,0.0,0.0,1796.8,30934.6,0.0
68478383830411,742455.0,65319.0,382414.0,26727.0,16487.0,30140.0,150385.0,125318.0,77676.0,135863.0,0.0,0.0,174786.0,0.0,38224.0,0.0,0.0,59005.0,69883.0,0.0,16658.0,12750.0,0.0,11359.0,1329.0,22841.0,47965.0,47500.0,15563.0,8475.0,0.0,0.0,0.0,0.0,68621.0,0.0,0.0,21341.0,145548.0,0.0,0.0,0.0,170941.0,0.0,0.0,0.0,0.0,46654.0,6982.0,0.0,98229.0,0.0,0.0,26087.0,0.0,0.0,0.0,0.0,868652.0,0.0,0.0,0.0,0.0,78020.0,0.0,0.0,0.0,66039.0,104111.0,643740.0,0.0,0.0,0.0,182722.0,0.0,0.0,0.0,0.0,0.0,0.0,0.0,0.0,290360.0,246398.0,0.0,257760.0,0.0,37549.0
68478383830429,610279.09,0.0,0.0,0.0,87040.73,91040.46,0.0,33739.72,6311.29,0.0,0.0,56908.95,28749.7,8635.68,13672.75,0.0,0.0,30004.34,1579.21,153.89,85368.6,2449.56,36848.95,1742.23,1572.75,23176.94,57065.06,32797.79,162301.41,16598.57,0.0,0.0,0.0,0.0,0.0,0.0,0.0,0.0,0.0,0.0,0.0,0.0,0.0,0.0,8141.0,0.0,0.0,0.0,0.0,0.0,220156.44,0.0,0.0,5000.0,0.0,0.0,0.0,0.0,448844.39,700.0,0.0,0.0,0.0,309580.99,0.0,0.0,26661.58,30.0,0.0,415975.88,0.0,0.0,0.0,0.0,700.0,0.0,26661.58,0.0,0.0,0.0,0.0,0.0,342479.5,465540.77,0.0,149023.45,598264.13,5450.0
68478383830437,1206947.03,228812.12,159425.0,14390.0,0.0,43624.96,135120.0,120550.0,169791.0,39655.11,0.0,170534.83,122295.36,5954.9,47069.0,0.0,0.0,0.0,25045.0,0.0,53896.45,0.0,0.0,0.0,5583.78,66795.0,74030.84,66688.42,175950.97,8102.83,0.0,0.0,0.0,0.0,190989.97,0.0,0.0,23327.0,155001.0,0.0,0.0,49195.86,0.0,296667.98,36726.78,0.0,1998630.0,0.0,0.0,0.0,8123.0,0.0,0.0,45079.0,1072583.39,0.0,0.0,0.0,2196463.57,0.0,0.0,0.0,151714.06,124129.72,53355.0,0.0,0.0,0.0,377007.0,194496.37,186128.58,0.0,88863.68,0.0,0.0,0.0,0.0,0.0,0.0,0.0,0.0,0.0,2433180.72,2119514.0,0.0,26333.0,120870.0,0.0
68478386112601,509507.0,0.0,82531.0,0.0,0.0,103958.0,0.0,77970.0,10938.0,0.0,0.0,8534.0,50319.0,8710.0,26559.0,0.0,0.0,12165.0,7229.0,7404.0,24503.0,0.0,0.0,600.0,374.0,9134.0,21982.0,40556.0,22184.0,2869.0,3380.0,0.0,2154.0,0.0,0.0,0.0,0.0,0.0,0.0,0.0,0.0,28017.0,0.0,0.0,0.0,0.0,0.0,0.0,0.0,0.0,3380.0,0.0,0.0,0.0,188801.0,0.0,321.0,0.0,42765.0,0.0,0.0,52.0,201559.0,3275.0,0.0,423.0,6213.0,0.0,0.0,226.0,0.0,0.0,0.0,0.0,0.0,423.0,6213.0,0.0,0.0,0.0,0.0,0.0,254382.0,205205.0,5966.0,0.0,168233.0,0.0
68585390101956,663022.39,0.0,73769.17,0.0,5394.86,0.0,0.0,88816.64,48094.09,47284.29,11993.9,26812.32,54635.85,12313.51,41824.27,0.0,0.0,5706.34,0.0,47364.16,82648.5,0.0,0.0,3639.18,305.0,10753.17,60038.7,231572.01,966366.49,15911.85,0.0,0.0,32196.34,0.0,43553.79,0.0,0.0,0.0,0.0,0.0,0.0,0.0,0.0,947099.0,0.0,0.0,0.0,0.0,0.0,0.0,5010.34,0.0,0.0,0.0,0.0,0.0,0.0,0.0,-28061.45,0.0,0.0,0.0,6505165.1,248079.83,0.0,0.0,0.0,392496.27,5051679.73,535159.58,0.0,0.0,53264.58,11945000.0,0.0,0.0,0.0,0.0,0.0,0.0,0.0,0.0,-364064.68,-82768.29,0.0,458561.16,43189.83,0.0
68585396116594,874091.98,45974.01,76593.43,0.0,0.0,0.0,0.0,47900.15,35357.65,80705.43,6744.27,20514.46,94988.04,10639.4,54057.33,0.0,0.0,6635.03,0.0,13031.02,25924.19,0.0,0.0,15857.26,1289.54,15638.72,162798.85,14823.85,107578.55,27330.07,0.0,0.0,5553.16,0.0,165745.24,0.0,0.0,0.0,0.0,0.0,0.0,0.0,0.0,983266.0,-8373.0,0.0,0.0,0.0,0.0,0.0,52930.53,0.0,0.0,0.0,0.0,0.0,0.0,0.0,751385.02,0.0,0.0,0.0,0.0,211619.52,0.0,0.0,11074.94,0.0,1422839.51,101138.98,0.0,0.0,7699.27,0.0,0.0,0.0,11074.94,0.0,0.0,0.0,0.0,0.0,2277005.8,1903782.0,521065.25,11490.88,313341.3,0.0
68585396118921,747666.73,0.0,66419.97,0.0,886.88,0.0,0.0,53912.18,47835.33,64221.1,6549.04,20218.34,105328.75,11983.2,44542.88,0.0,0.0,10548.81,0.0,31119.66,41186.77,0.0,0.0,7350.02,172.5,19071.74,64526.33,17346.43,463525.28,24612.6,0.0,0.0,24314.67,0.0,167896.55,0.0,0.0,0.0,0.0,0.0,0.0,0.0,0.0,965612.0,-1593.52,0.0,0.0,0.0,0.0,0.0,46962.0,0.0,0.0,0.0,0.0,0.0,0.0,0.0,-264901.83,0.0,0.0,0.0,1597641.41,301601.2,0.0,0.0,0.0,225034.6,6781242.48,272905.47,0.0,90000.0,3111.0,7520000.0,0.0,0.0,0.0,0.0,0.0,0.0,0.0,0.0,754601.39,636233.56,0.0,57734.6,243717.84,0.0
68809406043194,346101.82,0.0,82749.96,0.0,0.0,0.0,0.0,58067.13,0.0,34754.03,5725.3,10771.53,45716.72,1510.77,10751.38,0.0,0.0,0.0,10766.36,2199.91,26408.26,0.0,18153.46,2257.67,1319.0,3924.77,79765.14,33844.39,50035.37,2840.29,247.5,0.0,6628.53,0.0,0.0,0.0,0.0,115747.96,0.0,0.0,0.0,0.0,0.0,633612.74,0.0,0.0,0.0,0.0,0.0,0.0,0.0,0.0,0.0,0.0,0.0,0.0,0.0,0.0,145116.57,0.0,0.0,0.0,0.0,201269.0,0.0,0.0,0.0,0.0,0.0,83007.0,0.0,0.0,0.0,0.0,0.0,0.0,0.0,0.0,0.0,0.0,50000.0,0.0,213378.57,189266.0,28061.0,241590.72,96619.84,0.0
68999414130118,835031.95,35696.22,84408.58,0.0,12580.0,0.0,0.0,70409.03,46017.23,70352.7,12557.52,23854.86,88144.69,10354.91,48630.55,0.0,0.0,6937.29,0.0,40347.68,53710.43,0.0,10986.19,16481.34,4432.73,10647.5,11367.27,8671.57,208783.2,18052.02,0.0,0.0,20644.75,0.0,70543.76,0.0,0.0,0.0,0.0,0.0,0.0,0.0,0.0,191202.0,4551.0,0.0,0.0,0.0,0.0,0.0,125295.94,23766.0,0.0,0.0,0.0,0.0,0.0,0.0,-17220.54,0.0,0.0,0.0,0.0,392872.75,0.0,0.0,0.0,0.0,149735.55,460427.33,0.0,0.0,64960.43,0.0,0.0,0.0,0.0,0.0,0.0,0.0,0.0,0.0,540748.28,829936.0,0.0,209660.54,101021.92,46874.0
68999416114953,914494.61,0.0,103269.25,0.0,23077.14,18532.05,25333.33,86371.17,97313.21,83951.84,21250.47,30673.25,102918.36,19187.19,55765.7,0.0,0.0,11331.04,0.0,52290.35,54731.45,0.0,0.0,21063.78,340.0,12553.47,23698.82,90048.92,557499.1,4702.33,0.0,0.0,17990.94,0.0,6570.02,0.0,0.0,0.0,0.0,0.0,0.0,0.0,0.0,22702.0,10851.0,0.0,0.0,0.0,0.0,0.0,326774.5,0.0,0.0,0.0,0.0,0.0,0.0,0.0,314895.53,0.0,0.0,0.0,0.0,372937.9,0.0,0.0,0.0,0.0,23480.39,711313.82,0.0,0.0,0.0,0.0,0.0,0.0,0.0,0.0,0.0,0.0,0.0,0.0,669816.07,551242.0,0.0,216758.18,199418.15,0.0
69021410101279,183257.0,0.0,117200.0,0.0,0.0,0.0,2100.0,21980.0,0.0,25150.0,1737.0,6148.0,18747.0,986.0,7936.0,0.0,0.0,488.0,39487.0,0.0,25070.0,117636.0,0.0,11850.0,1361.0,7525.0,20168.0,196389.0,74513.0,7412.0,89712.0,0.0,0.0,0.0,0.0,7000.0,0.0,0.0,0.0,0.0,0.0,0.0,0.0,79773.0,0.0,0.0,0.0,0.0,8029.0,0.0,0.0,5629.0,0.0,0.0,0.0,0.0,25812.0,0.0,65534.0,0.0,0.0,0.0,0.0,0.0,32460.0,0.0,26563.0,0.0,4700.0,28380.0,0.0,0.0,0.0,0.0,0.0,0.0,26563.0,0.0,0.0,0.0,0.0,0.0,100126.0,132900.0,0.0,374400.0,217541.0,483.0
69278426045918,2119159.67,0.0,143686.0,0.0,180738.52,209256.48,31747.8,117326.67,51199.0,185553.34,46329.78,77966.8,215911.83,11714.69,85593.44,0.0,0.0,0.0,90058.28,2814.47,196626.65,103839.46,101826.14,25038.76,0.0,0.0,74867.89,24446.77,120306.82,6530.0,0.0,0.0,150819.3,0.0,0.0,153384.0,0.0,0.0,0.0,0.0,0.0,150709.48,19373.0,681121.0,18244.0,0.0,0.0,0.0,2388972.0,0.0,251998.33,0.0,141535.14,197265.0,150709.48,0.0,1359059.15,0.0,523863.9,0.0,0.0,0.0,0.0,3998213.07,71569.43,0.0,0.0,0.0,0.0,3830238.68,0.0,0.0,86214.62,0.0,0.0,0.0,0.0,0.0,0.0,0.0,141746.0,0.0,1894506.23,1779915.49,0.0,618561.02,496381.81,0.0
69427434330601,358964.4,0.0,139107.65,0.0,0.0,0.0,0.0,61599.67,0.0,34479.54,7305.45,17131.14,46077.39,6088.24,36655.52,1513.06,0.0,0.0,18547.01,0.0,12045.36,5651.85,437.8,6920.23,1770.0,5000.0,22386.48,8743.28,18369.56,7087.78,0.0,0.0,0.0,0.0,0.0,0.0,0.0,0.0,0.0,5892.6,40000.0,0.0,231993.0,0.0,18183.0,0.0,0.0,0.0,0.0,0.0,10214.0,0.0,0.0,48505.0,0.0,0.0,0.0,0.0,29114.74,33037.5,68960.9,0.0,0.0,95209.94,0.0,0.0,0.0,0.0,0.0,31362.18,0.0,40000.0,0.0,80000.0,33037.5,0.0,0.0,0.0,0.0,0.0,0.0,0.0,41923.4,123812.0,0.0,804.0,14488.93,0.0
69427434330668,691655.61,0.0,20599.93,0.0,0.0,0.0,72500.16,5892.07,172963.45,0.0,0.0,71832.12,56726.46,51390.0,43218.0,0.0,0.0,88225.99,342.4,2108.45,3669.11,227.7,85899.05,5670.8,664.09,3593.86,334811.11,0.0,5835.0,258.2,0.0,0.0,0.0,0.0,0.0,0.0,0.0,0.0,0.0,0.0,0.0,0.0,0.0,381852.0,-20656.0,0.0,0.0,0.0,0.0,0.0,0.0,0.0,0.0,71512.0,0.0,0.0,0.0,0.0,293666.44,0.0,0.0,0.0,0.0,0.0,0.0,0.0,0.0,0.0,0.0,0.0,0.0,0.0,0.0,0.0,0.0,0.0,0.0,0.0,0.0,0.0,0.0,0.0,293666.44,0.0,0.0,282652.0,38910.0,0.0
69427434330676,243434.49,0.0,76500.0,0.0,0.0,9000.0,0.0,32230.9,0.0,26218.27,6119.03,8112.02,25625.72,546.84,9752.92,0.0,0.0,502.96,1946.22,4532.82,16347.03,4415.24,0.0,12516.07,20.0,2626.6,3072.28,5779.78,51180.59,10971.74,11233.0,0.0,85084.58,0.0,10881.09,0.0,0.0,0.0,0.0,0.0,0.0,0.0,0.0,203368.0,0.0,0.0,0.0,0.0,0.0,0.0,0.0,0.0,0.0,119100.23,14886.8,0.0,0.0,0.0,260281.46,0.0,0.0,0.0,0.0,17720.69,45058.65,0.0,1491.82,0.0,11875.5,17614.36,0.0,21318.73,80223.77,2731.36,0.0,0.0,1491.82,0.0,0.0,0.0,0.0,0.0,213048.08,30545.71,0.0,4012.93,11600.62,0.0
69427434330726,906451.0471,0.0,286619.4633,0.0,767758.2595,26168.11,0.0,0.0,0.0,89857.54,0.0,78482.63,280126.19,18629.36,160518.0,0.0,0.0,0.0,0.0,0.0,182250.2,0.0,28680.26,25215.68,2250.0,30161.7,24382.68,293794.35,557299.45,33434.52,0.0,0.0,23.75,0.0,13448.29,0.0,0.0,0.0,0.0,0.0,0.0,0.0,0.0,699677.0,755051.0,0.0,0.0,0.0,0.0,0.0,4548.0,0.0,0.0,0.0,0.0,0.0,1107918.86,0.0,0.0,0.0,0.0,0.0,0.0,538704.42,0.0,0.0,20243.35,0.0,64236.16,272514.62,0.0,129576.0,0.0,0.0,0.0,0.0,20243.35,0.0,0.0,0.0,0.0,0.0,1308768.82,758367.0,0.0,93123.9,242428.75,0.0
69484434330619,292969.85,0.0,103450.96,0.0,0.0,0.0,0.0,31924.76,0.0,26138.62,8495.74,13187.3,49714.75,5870.03,25983.23,0.0,0.0,0.0,21664.57,5105.91,23671.97,8596.92,177.5,9395.63,1675.0,0.0,19073.26,5760.0,95725.94,15641.86,0.0,0.0,9044.0,0.0,0.0,0.0,0.0,0.0,0.0,7365.76,50000.0,0.0,108694.0,0.0,0.0,0.0,0.0,0.0,0.0,0.0,23997.39,0.0,0.0,24777.0,0.0,0.0,0.0,0.0,37103.0,127409.24,98095.2,0.0,0.0,42028.74,0.0,0.0,0.0,28412.0,0.0,86798.92,0.0,50000.0,0.0,100000.0,127409.24,0.0,0.0,0.0,0.0,0.0,0.0,0.0,-31159.98,185305.0,0.0,10617.67,16981.81,0.0
69583430100131,96376.0,6250.0,5270.0,0.0,52607.0,0.0,0.0,0.0,0.0,0.0,0.0,12475.0,17792.0,0.0,8109.0,0.0,0.0,-73.0,904.0,132.0,2462.0,392.0,105.0,179.0,52.0,0.0,26247.0,57.0,0.0,2561.0,0.0,0.0,0.0,0.0,0.0,0.0,0.0,0.0,0.0,0.0,0.0,0.0,0.0,44159.0,0.0,0.0,107265.0,0.0,0.0,0.0,0.0,0.0,0.0,0.0,0.0,0.0,0.0,0.0,0.0,0.0,0.0,0.0,0.0,8003.0,0.0,0.0,0.0,0.0,0.0,0.0,0.0,0.0,0.0,186487.0,0.0,0.0,0.0,0.0,0.0,0.0,0.0,0.0,-178484.0,-101978.0,0.0,3967.0,0.0,0.0
69583436118541,791017.35,0.0,180000.0,103485.81,0.0,0.0,0.0,48096.74,14458.63,74936.24,0.0,23231.84,88668.18,3462.65,44985.25,0.0,0.0,248.42,17701.83,22714.05,20321.24,0.0,0.0,238.0,1391.0,7458.39,271732.3,205710.08,0.0,0.0,0.0,0.0,0.0,0.0,0.0,0.0,0.0,0.0,0.0,13703.56,54000.0,0.0,76311.5,0.0,0.0,0.0,0.0,0.0,0.0,0.0,9433.08,0.0,2713.91,0.0,75000.0,0.0,64916.53,0.0,0.0,0.0,0.0,0.0,0.0,0.0,0.0,0.0,0.0,19468.55,0.0,10442.48,0.0,0.0,0.0,0.0,0.0,0.0,0.0,0.0,0.0,0.0,0.0,0.0,73942.6,54883.0,0.0,179515.52,223603.42,0.0
69765440100305,103480.0,0.0,37687.0,0.0,0.0,45.0,0.0,20813.0,0.0,11416.0,4167.0,3755.0,21022.0,480.0,5288.0,0.0,0.0,1485.0,19436.0,315.0,21728.0,1080.0,0.0,107.0,0.0,0.0,828.0,598.0,10824.0,764.0,0.0,0.0,0.0,0.0,0.0,0.0,0.0,0.0,0.0,0.0,0.0,0.0,0.0,145988.0,0.0,0.0,0.0,0.0,0.0,0.0,0.0,0.0,0.0,0.0,0.0,0.0,20604.0,0.0,0.0,0.0,0.0,0.0,0.0,43053.0,0.0,0.0,0.0,0.0,0.0,57898.0,0.0,0.0,0.0,0.0,0.0,0.0,0.0,0.0,0.0,0.0,0.0,0.0,5759.0,0.0,0.0,21937.0,1127.0,0.0
69765440100388,160327.82,33913.7,45000.0,0.0,50226.75,0.0,19500.0,17940.0,0.0,16918.27,4150.46,11965.63,45293.46,976.8,10426.33,0.0,622.85,0.0,0.0,0.0,12837.3,0.0,0.0,0.0,0.0,0.0,466.69,31595.28,35583.08,1554.68,0.0,0.0,0.0,0.0,0.0,0.0,0.0,0.0,0.0,0.0,0.0,0.0,0.0,238355.0,0.0,0.0,0.0,0.0,0.0,0.0,0.0,0.0,0.0,0.0,0.0,0.0,10277.66,0.0,53661.96,0.0,0.0,0.0,0.0,65208.48,0.0,0.0,0.0,0.0,0.0,35542.05,0.0,0.0,0.0,0.0,0.0,0.0,0.0,0.0,0.0,0.0,0.0,0.0,93606.05,34481.57,0.0,47898.98,37838.0,0.0
69823444430187,142184.38,86499.96,0.0,0.0,0.0,3771.28,0.0,24096.23,47976.34,17836.41,0.0,9503.32,21033.66,2750.8,14977.0,0.0,0.0,0.0,0.0,0.0,14610.49,684.37,0.0,11467.67,1441.39,2159.2,24471.9,2.0,54171.3,0.0,0.0,0.0,0.0,0.0,16130.0,0.0,0.0,0.0,0.0,2222.67,0.0,0.0,272802.32,0.0,0.0,0.0,0.0,0.0,0.0,0.0,0.0,0.0,0.0,0.0,90052.72,0.0,0.0,0.0,71182.96,0.0,0.0,0.0,0.0,21327.32,0.0,0.0,0.0,0.0,256721.97,9698.23,0.0,0.0,0.0,0.0,0.0,0.0,0.0,0.0,0.0,0.0,0.0,0.0,339534.02,300697.0,0.0,145136.55,5000.0,23835.8
70425476115497,266043.0,0.0,65074.0,0.0,0.0,0.0,14148.0,80211.0,0.0,0.0,0.0,32570.0,55123.0,5400.0,18153.0,0.0,0.0,597.0,104204.0,1673.0,64801.0,38.0,0.0,10272.0,11.0,3331.0,5618.0,57156.0,52082.0,53125.0,0.0,0.0,0.0,0.0,29599.0,0.0,0.0,0.0,0.0,0.0,0.0,0.0,0.0,476903.0,0.0,0.0,0.0,0.0,0.0,0.0,0.0,0.0,0.0,0.0,0.0,0.0,0.0,0.0,52449.0,0.0,0.0,0.0,0.0,318.0,316936.0,0.0,0.0,4599.0,43371.0,364262.0,12247.0,0.0,0.0,0.0,0.0,0.0,0.0,0.0,0.0,0.0,0.0,0.0,41164.0,180264.0,0.0,68.0,14145.0,0.0
70912496116958,105697.0,0.0,40000.0,1680.0,27954.0,11375.0,0.0,28000.0,0.0,0.0,0.0,16243.0,14577.0,0.0,4937.0,0.0,0.0,4303.0,4935.0,0.0,3641.0,0.0,3653.0,550.0,568.0,5000.0,3490.0,30000.0,8519.0,336.0,0.0,0.0,0.0,0.0,0.0,0.0,0.0,0.0,0.0,0.0,0.0,0.0,0.0,16123.0,437.0,0.0,0.0,0.0,0.0,0.0,0.0,0.0,0.0,16308.0,0.0,0.0,16186.0,0.0,0.0,0.0,0.0,0.0,0.0,30000.0,37494.0,0.0,0.0,0.0,0.0,16003.0,12573.0,0.0,0.0,0.0,0.0,0.0,0.0,0.0,0.0,0.0,0.0,0.0,55104.0,56558.0,0.0,117361.0,48677.0,0.0
71134505030275,482793.0,10713.0,118655.0,0.0,1000.0,4450.0,13965.0,66571.0,0.0,39939.0,10711.0,17334.0,62817.0,2016.0,30966.0,0.0,0.0,0.0,55803.0,6036.0,106342.0,50597.0,0.0,12193.0,301.0,2396.0,11106.0,53195.0,157381.0,11918.0,0.0,0.0,18025.0,0.0,0.0,0.0,0.0,0.0,0.0,3696.0,0.0,0.0,0.0,1029937.0,16395.0,0.0,0.0,0.0,0.0,0.0,0.0,0.0,0.0,201556.0,0.0,0.0,0.0,0.0,117571.0,0.0,0.0,0.0,0.0,108.0,158869.0,0.0,8221.0,105558.0,25852.0,7769.0,219947.0,0.0,0.0,64673.0,0.0,0.0,8221.0,0.0,0.0,0.0,54031.0,0.0,61538.0,14359.0,23063.0,10521.0,25978.0,0.0
71134506118178,485307.5,0.0,0.0,79225.74,0.0,0.0,0.0,32852.75,43739.45,41673.47,3053.54,12543.61,54084.9,7502.55,29124.74,0.0,0.0,5980.86,0.0,29923.08,28247.95,0.0,19646.82,6549.52,12.15,7909.61,15864.64,191004.85,77078.66,2183.3,0.0,0.0,-10438.26,0.0,30351.12,0.0,0.0,0.0,0.0,0.0,0.0,0.0,0.0,836674.0,2067.0,0.0,0.0,0.0,0.0,0.0,10871.6,0.0,0.0,0.0,0.0,0.0,0.0,0.0,125798.17,0.0,0.0,0.0,0.0,123814.56,0.0,0.0,8840.43,0.0,143311.53,150543.44,0.0,0.0,0.0,0.0,0.0,0.0,8840.43,0.0,0.0,0.0,0.0,0.0,242380.82,256254.0,0.0,113228.53,86534.39,0.0
71134506119705,804735.18,0.0,89939.38,0.0,0.0,0.0,0.0,53373.98,46375.74,71011.68,7257.18,19259.94,100150.81,10707.9,49199.22,0.0,0.0,9701.1,0.0,139343.61,66493.23,0.0,57759.45,8626.0,516.55,12386.95,26940.04,185675.99,93437.19,12382.7,0.0,0.0,24399.56,0.0,77360.33,0.0,0.0,0.0,0.0,0.0,0.0,0.0,0.0,1246784.0,3721.0,0.0,0.0,0.0,0.0,0.0,15885.32,0.0,18125.26,0.0,0.0,0.0,0.0,0.0,-21884.77,0.0,0.0,0.0,0.0,148391.03,0.0,0.0,14999.74,12500.0,375889.46,130898.84,0.0,0.0,138155.91,0.0,0.0,0.0,14999.74,0.0,0.0,0.0,0.0,0.0,245840.97,486765.0,0.0,32857.04,412688.92,0.0
72363550100099,151404.0,0.0,0.0,0.0,0.0,0.0,0.0,0.0,1358.0,3941.0,0.0,2854.0,2498.0,1950.0,5227.0,0.0,0.0,0.0,132793.0,0.0,81360.0,0.0,0.0,2997.0,0.0,-676.0,2444.0,34907.0,114982.0,12386.0,0.0,0.0,0.0,0.0,0.0,0.0,0.0,0.0,0.0,0.0,0.0,0.0,0.0,226979.0,-228.0,0.0,156931.0,0.0,0.0,0.0,0.0,0.0,0.0,0.0,130710.0,0.0,0.0,0.0,0.0,0.0,0.0,0.0,0.0,0.0,0.0,0.0,0.0,0.0,0.0,0.0,0.0,0.0,0.0,0.0,0.0,0.0,0.0,0.0,0.0,0.0,0.0,0.0,0.0,0.0,0.0,5000.0,10068.0,0.0
72751586118780,1705399.0,0.0,258602.0,0.0,238459.0,35687.0,163500.0,249951.0,116073.0,160850.0,0.0,86458.0,136365.0,12621.0,119432.0,0.0,0.0,0.0,0.0,10493.0,157629.0,24554.0,0.0,28885.0,14172.0,20875.0,88887.0,864766.0,507839.0,46349.0,36699.0,0.0,0.0,0.0,0.0,0.0,0.0,0.0,0.0,31432.0,75266.0,0.0,0.0,3687051.0,-38763.0,0.0,0.0,0.0,0.0,0.0,0.0,0.0,0.0,0.0,0.0,0.0,23614.0,0.0,68158.0,250.0,0.0,0.0,0.0,6093.0,477848.0,0.0,81838.0,0.0,0.0,70586.0,7370.0,0.0,25093.0,0.0,250.0,0.0,81838.0,0.0,0.0,0.0,259824.0,0.0,212840.0,218483.0,0.0,659708.0,749967.0,0.0
73445191996271,1593886.17,0.0,75597.39,0.0,172459.25,0.0,54940.91,0.0,0.0,0.0,0.0,204631.34,145432.81,0.0,20863.0,0.0,0.0,382297.67,699151.88,432690.75,38299.24,0.0,0.0,0.0,0.0,8965.9,233929.59,238047.08,0.0,0.0,0.0,0.0,0.0,0.0,100899.04,0.0,0.0,0.0,0.0,0.0,0.0,0.0,0.0,4062167.0,0.0,0.0,0.0,5740.0,0.0,0.0,0.0,0.0,0.0,0.0,0.0,0.0,0.0,0.0,420997.49,0.0,0.0,0.0,0.0,1444146.5,0.0,0.0,121028.09,0.0,112672.26,1034345.47,0.0,0.0,0.0,336958.65,0.0,0.0,121028.09,0.0,0.0,0.0,0.0,0.0,606512.13,0.0,0.0,37440.0,121952.26,0.0
73569370101071,444321.87,0.0,64871.13,0.0,0.0,46503.23,29000.0,10358.14,0.0,40888.28,8872.44,0.0,66244.44,0.0,10915.76,0.0,0.0,4180.0,38740.74,21733.53,8848.11,0.0,0.0,3998.45,4385.99,10805.78,56061.88,218654.73,236329.37,0.0,0.0,0.0,0.0,0.0,0.0,0.0,0.0,0.0,0.0,0.0,0.0,0.0,0.0,649851.0,0.0,0.0,0.0,0.0,0.0,0.0,0.0,0.0,0.0,0.0,0.0,0.0,92.33,0.0,18088.03,0.0,0.0,0.0,0.0,73685.01,0.0,0.0,0.0,107804.6,185141.88,214891.45,0.0,0.0,0.0,148420.42,0.0,0.0,0.0,0.0,0.0,0.0,0.0,0.0,21499.98,0.0,0.0,78317.98,0.0,0.0
73569370101089,230883.0,0.0,0.0,0.0,0.0,3000.0,86500.0,0.0,0.0,19872.0,0.0,9998.0,13373.0,434.0,5492.0,0.0,0.0,1654.0,11389.0,4339.0,15569.0,10904.0,75.0,5090.0,608.0,2676.0,7381.0,8368.0,31511.0,139.0,0.0,0.0,0.0,0.0,0.0,0.0,0.0,0.0,0.0,149.0,0.0,0.0,0.0,270373.0,0.0,0.0,0.0,0.0,0.0,0.0,0.0,0.0,0.0,0.0,0.0,0.0,95321.0,0.0,14862.0,0.0,0.0,0.0,0.0,15701.0,0.0,0.0,0.0,0.0,0.0,64647.0,0.0,36000.0,0.0,0.0,0.0,0.0,0.0,0.0,0.0,0.0,0.0,0.0,25237.0,0.0,0.0,24000.0,21553.0,0.0
73585252530129,780199.55,111537.22,35937.5,132716.0,0.0,86616.98,0.0,0.0,0.0,83145.9,8942.54,25195.4,157158.35,11716.81,41821.0,0.0,0.0,0.0,227504.88,27707.55,113213.8,89811.17,0.0,8438.32,5185.0,13546.63,18735.17,75198.55,100217.98,13771.67,0.0,0.0,0.0,0.0,0.0,0.0,0.0,0.0,0.0,0.0,0.0,0.0,0.0,1260038.0,49173.97,0.0,0.0,0.0,0.0,0.0,0.0,0.0,0.0,16661.0,0.0,0.0,0.0,0.0,67098.97,0.0,0.0,0.0,0.0,611743.81,0.0,0.0,0.0,3000.0,39884.0,448353.22,10717.14,87000.0,0.0,66667.0,0.0,0.0,0.0,0.0,0.0,0.0,108989.42,0.0,-1.60071e-10,54148.0,-2278.51,16571.73,52263.84,0.0
73668262630085,774408.97,134968.85,158092.99,0.0,23113.66,47781.34,96100.29,98136.96,0.0,86869.64,0.0,36565.75,157122.8,4234.4,41196.27,0.0,0.0,13141.19,62324.8,0.0,80054.05,5148.01,0.0,24280.64,2977.08,36744.35,20934.61,264024.53,141422.25,9646.67,0.0,0.0,0.0,0.0,0.0,0.0,0.0,0.0,0.0,0.0,0.0,0.0,0.0,0.0,1143.91,0.0,0.0,0.0,0.0,0.0,0.0,0.0,0.0,199566.81,0.0,0.0,0.0,0.0,116049.34,0.0,0.0,0.0,0.0,292903.37,0.0,0.0,40075.22,0.0,0.0,19657.39,0.0,0.0,2760.0,0.0,0.0,0.0,40075.22,0.0,0.0,0.0,151610.51,0.0,234924.81,380728.69,0.0,4440.69,87471.54,0.0
73957363630936,1294997.95,0.0,346673.61,0.0,110491.15,10408.87,78135.82,216363.0,63230.72,118190.26,85990.28,69573.66,324845.65,81526.89,0.0,0.0,0.0,0.0,139793.36,30763.49,85741.68,2912.07,0.0,28364.34,1528.7,35803.39,23090.36,174202.89,704684.04,11781.29,0.0,0.0,0.0,0.0,0.0,0.0,0.0,0.0,0.0,22531.18,59.25,120000.0,0.0,2933161.85,-1242.0,0.0,0.0,0.0,0.0,0.0,0.0,0.0,0.0,85527.99,720000.0,0.0,0.0,0.0,191141.04,0.0,0.0,0.0,0.0,2837317.31,122811.62,0.0,0.0,4400.0,0.0,1753576.71,467177.5,0.0,0.0,0.0,0.0,0.0,0.0,0.0,139365.86,0.0,282388.4,0.0,513161.5,218660.63,110499.3,296348.66,134941.42,0.0
73957363631033,2983783.93,0.0,866979.67,10000.0,378953.38,89616.39,376123.19,661760.15,52546.1,300355.67,157517.49,181123.46,894028.13,59422.35,278841.47,0.0,0.0,6992.58,307508.42,25.31,159055.19,20181.26,0.0,60424.87,2601.33,58257.12,84898.96,1167676.2,2043112.04,83221.22,0.0,0.0,0.0,0.0,0.0,0.0,0.0,0.0,0.0,41974.42,38341.09,400000.0,0.0,10057741.11,18855.0,0.0,0.0,0.0,0.0,0.0,0.0,0.0,0.0,226227.67,1400000.0,0.0,0.0,0.0,473513.05,0.0,0.0,0.0,0.0,7493785.59,1086285.2,0.0,0.0,28590.55,0.0,3178541.41,196412.0,33862.35,0.0,0.0,0.0,0.0,0.0,0.0,1185658.68,0.0,0.0,0.0,4487699.95,3415307.52,-271628.55,419063.94,290903.86,0.0
75036186010763,456646.0,0.0,30630.0,2415.0,40203.0,50474.0,49887.0,35142.0,4608.0,35693.0,0.0,20985.0,96528.0,1469.0,37082.0,0.0,0.0,0.0,21250.0,0.0,10909.0,0.0,14297.0,11832.0,783.0,6120.0,22028.0,12003.0,91792.0,8546.0,0.0,0.0,9484.0,0.0,0.0,0.0,0.0,0.0,0.0,0.0,0.0,162000.0,0.0,877601.0,0.0,0.0,0.0,0.0,0.0,0.0,33624.0,0.0,27276.0,32454.0,0.0,0.0,390968.0,0.0,193035.0,0.0,0.0,0.0,0.0,0.0,0.0,0.0,26385.0,0.0,0.0,0.0,162000.0,0.0,0.0,0.0,0.0,0.0,26385.0,0.0,0.0,0.0,0.0,0.0,448388.0,336418.0,0.0,18594.0,70383.0,0.0
75044360102160,39507.0,0.0,0.0,0.0,5714.46,0.0,750.0,10149.6,0.0,0.0,0.0,0.0,0.0,0.0,10611.0,0.0,0.0,0.0,26036.92,857.89,15911.64,5918.24,0.0,2682.29,765.0,8288.93,4680.28,59490.0,14897.34,1865.38,0.0,0.0,0.0,0.0,0.0,0.0,0.0,0.0,0.0,0.0,0.0,0.0,0.0,84138.0,0.0,0.0,0.0,0.0,0.0,0.0,0.0,0.0,0.0,0.0,0.0,0.0,0.0,0.0,12259.05,0.0,0.0,0.0,0.0,0.0,0.0,0.0,0.0,0.0,0.0,22430.42,0.0,0.0,0.0,0.0,0.0,0.0,0.0,0.0,0.0,0.0,0.0,0.0,-10171.37,0.0,0.0,101797.36,0.0,0.0
75044363631132,172494.11,0.0,72000.0,0.0,74534.36,0.0,0.0,49130.71,22052.09,20938.63,6238.02,11571.33,61556.9,13267.18,12281.0,0.0,0.0,0.0,6032.72,2157.71,29170.91,58232.44,0.0,5574.1,820.0,3607.0,16396.84,125647.26,37043.65,21299.5,1217.58,0.0,0.0,0.0,0.0,0.0,0.0,0.0,0.0,0.0,0.0,0.0,0.0,506230.87,0.0,0.0,0.0,0.0,0.0,0.0,0.0,0.0,0.0,24564.0,0.0,0.0,0.0,0.0,145147.23,0.0,0.0,0.0,0.0,112397.57,0.0,0.0,5000.0,4535.33,0.0,11181.07,0.0,187384.91,114082.0,0.0,0.0,0.0,5000.0,0.0,0.0,0.0,0.0,0.0,-50567.85,5311.92,0.0,0.0,23188.57,82935.0
75069366113427,1950586.0,0.0,263353.0,823.0,0.0,0.0,66142.0,407334.0,0.0,0.0,0.0,205650.0,146264.0,47094.0,112923.0,0.0,0.0,14412.0,764752.0,23416.0,328504.0,6656.0,0.0,67158.0,10528.0,21107.0,30640.0,613178.0,666981.0,116656.0,0.0,0.0,0.0,0.0,163212.0,0.0,0.0,0.0,0.0,0.0,0.0,0.0,0.0,4340578.0,0.0,0.0,0.0,0.0,0.0,0.0,0.0,0.0,0.0,0.0,0.0,0.0,0.0,0.0,1107204.0,0.0,0.0,0.0,0.0,714465.0,260975.0,0.0,0.0,12245.0,228136.0,1126235.0,164375.0,0.0,0.0,0.0,0.0,0.0,0.0,0.0,0.0,0.0,0.0,0.0,1032415.0,746598.0,0.0,22241.0,112138.0,0.0
75077363631207,2699877.0,0.0,0.0,0.0,1285494.0,0.0,0.0,0.0,0.0,214453.0,144187.0,0.0,0.0,0.0,0.0,0.0,0.0,1028648.0,33413.0,24826.0,118061.0,124273.0,0.0,61059.0,7184.0,106090.0,303618.0,78221.0,55623.0,23883.0,0.0,0.0,0.0,0.0,61559.0,0.0,0.0,0.0,0.0,149129.0,0.0,0.0,0.0,3390385.0,0.0,0.0,774182.0,0.0,8297.0,0.0,45.0,0.0,0.0,0.0,975318.0,0.0,0.0,0.0,271395.0,0.0,0.0,0.0,0.0,426775.0,0.0,0.0,0.0,0.0,0.0,698170.0,0.0,0.0,0.0,0.0,0.0,0.0,0.0,0.0,0.0,0.0,0.0,0.0,0.0,0.0,0.0,546530.0,151007.0,522757.0
75085316118392,314165.34,0.0,10000.0,0.0,0.0,0.0,89449.96,64523.02,0.0,25470.03,14411.04,15474.85,66635.31,1420.59,12192.73,0.0,0.0,275.0,7720.47,0.0,75718.75,0.0,0.0,11690.49,0.0,5625.0,96930.11,9132.11,33918.99,2059.75,0.0,0.0,0.0,0.0,0.0,0.0,0.0,0.0,0.0,3404.0,0.0,0.0,0.0,303518.0,8820.0,0.0,0.0,0.0,0.0,0.0,0.0,0.0,0.0,0.0,0.0,0.0,240116.14,0.0,0.0,2551.27,0.0,0.0,0.0,0.0,145530.55,0.0,4555.87,0.0,0.0,26002.35,91627.52,20000.0,0.0,40000.0,2551.27,0.0,4555.87,0.0,0.0,0.0,50000.0,0.0,158016.82,155353.5,0.0,17175.63,105088.37,0.0
75119010130641,1170158.48,0.0,284332.88,0.0,0.0,271375.4,0.0,0.0,0.0,117944.57,12565.39,38253.66,56697.89,5492.54,70752.56,0.0,0.0,0.0,266392.83,0.0,0.0,20806.55,1944.43,27102.25,2146.5,18464.9,33737.83,195317.73,518290.02,34325.22,0.0,0.0,0.0,0.0,6371.4,0.0,0.0,0.0,0.0,0.0,0.0,0.0,0.0,1882355.68,1341.0,0.0,0.0,0.0,0.0,0.0,214740.25,12655.0,0.0,0.0,0.0,0.0,57.39,0.0,25067.76,592.55,0.0,0.0,0.0,3059.16,412718.51,0.0,20339.75,131812.63,41710.47,164448.38,0.0,0.0,5405.25,135454.88,592.55,0.0,20339.75,0.0,0.0,0.0,0.0,0.0,309117.41,195087.48,0.0,12073.25,128350.97,315885.24
75192333330917,865938.75,0.0,33561.09,27600.0,0.0,4640.0,6242.7,92402.0,18582.98,92028.75,0.0,35501.45,130735.99,9801.92,39513.85,0.0,0.0,0.0,39998.34,8194.05,27247.33,0.0,0.0,9528.22,2090.45,0.0,80410.48,11463.18,21035.28,7516.85,0.0,757.04,21593.05,0.0,0.0,0.0,0.0,0.0,0.0,0.0,50000.0,300857.03,0.0,1058939.0,47789.6,0.0,0.0,0.0,0.0,0.0,4095.04,0.0,0.0,0.0,358147.02,0.0,0.0,0.0,297313.87,0.0,0.0,0.0,0.0,92637.6,171400.0,0.0,0.0,0.0,180896.05,262387.13,0.0,0.0,0.0,100000.0,0.0,0.0,0.0,0.0,0.0,0.0,0.0,0.0,379860.39,208093.0,-58940.34,0.0,162041.85,0.0
75192336112551,700666.0,0.0,0.0,0.0,0.0,0.0,64500.0,62104.0,0.0,59505.0,6451.0,7913.0,89744.0,2173.0,17218.0,0.0,0.0,0.0,49289.0,6305.0,3756.0,27183.0,9000.0,0.0,0.0,2718.0,13713.0,22822.0,34991.0,0.0,0.0,0.0,9864.0,0.0,0.0,0.0,0.0,0.0,0.0,0.0,0.0,0.0,0.0,608488.0,0.0,0.0,0.0,0.0,0.0,0.0,0.0,0.0,0.0,0.0,0.0,0.0,0.0,0.0,136338.0,0.0,0.0,0.0,0.0,193393.0,0.0,0.0,0.0,0.0,0.0,218572.0,0.0,0.0,0.0,0.0,0.0,0.0,0.0,0.0,0.0,0.0,0.0,0.0,111159.0,82915.0,0.0,57579.0,149298.0,89719.0
75291191996016,859372.0,0.0,130532.0,16896.0,0.0,0.0,32629.0,170811.0,0.0,0.0,0.0,92583.0,79668.0,23401.0,50510.0,0.0,0.0,12132.0,309702.0,3998.0,153763.0,5119.0,0.0,20957.0,5282.0,7683.0,13122.0,191946.0,262594.0,71372.0,0.0,0.0,0.0,0.0,81271.0,0.0,0.0,0.0,0.0,0.0,0.0,0.0,0.0,1703412.0,0.0,0.0,0.0,0.0,0.0,0.0,0.0,0.0,0.0,0.0,0.0,0.0,0.0,0.0,0.0,273004.0,0.0,0.0,0.0,627111.0,300313.0,0.0,0.0,13970.0,86566.0,307882.0,209888.0,0.0,0.0,0.0,273004.0,0.0,0.0,0.0,0.0,0.0,0.0,0.0,510190.0,817637.0,0.0,1634.0,69878.0,0.0
75499396118665,579239.0,0.0,103000.0,0.0,0.0,85464.0,0.0,0.0,85115.0,44700.0,14252.0,21236.0,96196.0,6329.0,31939.0,0.0,0.0,14779.0,3321.0,0.0,14590.0,0.0,33331.0,1503.0,225.0,14842.0,41288.0,38527.0,115077.0,4138.0,0.0,0.0,0.0,0.0,182416.0,0.0,0.0,0.0,0.0,0.0,3338.0,0.0,0.0,847189.0,-4858.0,0.0,0.0,0.0,0.0,0.0,0.0,0.0,0.0,0.0,0.0,0.0,0.0,0.0,184855.0,0.0,0.0,0.0,0.0,3616.0,227982.0,0.0,6364.0,0.0,126541.0,181876.0,0.0,0.0,0.0,374150.0,0.0,0.0,6364.0,0.0,0.0,0.0,60296.0,0.0,-73328.0,-128050.0,0.0,134899.0,96544.0,0.0
75622010130617,778038.66,0.0,147150.61,6267.29,0.0,0.0,79999.92,97413.32,0.0,68152.46,10019.48,25198.08,99584.3,12690.65,48804.28,0.0,0.0,0.0,52982.48,39304.19,56815.13,1055.08,73202.7,7142.15,587.52,11822.41,117357.66,187358.6,405208.51,13565.05,36054.69,7409.17,0.0,0.0,0.0,0.0,0.0,0.0,0.0,0.0,0.0,0.0,0.0,950677.0,-10862.0,0.0,0.0,0.0,0.0,0.0,0.0,0.0,36064.15,63779.48,0.0,0.0,0.0,0.0,236997.34,0.0,0.0,0.0,9032.8,171279.9,0.0,0.0,2757.06,0.0,0.0,328456.3,0.0,0.0,19512.5,0.0,0.0,0.0,2757.06,0.0,0.0,0.0,0.0,0.0,69341.24,355049.21,0.0,172536.25,123193.0,0.0
75630151530500,498360.45,0.0,78654.96,14206.33,6539.35,0.0,48083.23,25704.0,10264.97,44441.85,5513.08,16928.9,115818.6,5511.16,28564.89,0.0,0.0,0.0,28151.97,0.0,56736.57,0.0,0.0,16313.03,1752.0,23012.5,30152.39,169284.36,272326.62,0.0,0.0,0.0,3859.06,0.0,8607.0,0.0,0.0,0.0,0.0,0.0,0.0,0.0,0.0,733321.0,22912.0,0.0,0.0,0.0,0.0,0.0,186659.0,18238.0,0.0,0.0,0.0,0.0,0.0,0.0,77035.36,5000.0,0.0,0.0,0.0,93655.11,0.0,0.0,0.0,232393.82,0.0,180297.63,0.0,0.0,-13910.0,152845.0,5000.0,0.0,0.0,0.0,0.0,0.0,45264.0,0.0,38587.66,78998.0,0.0,7500.56,163493.37,88980.0
75648386040935,1181854.0,0.0,104000.0,0.0,65036.0,144853.0,0.0,85730.0,0.0,104562.0,0.0,48573.0,122180.0,23397.0,27367.0,0.0,0.0,0.0,25312.0,799.0,22234.0,3050.0,113750.0,21434.0,0.0,28010.0,50380.0,70533.0,358357.0,2962.0,0.0,0.0,0.0,0.0,0.0,0.0,0.0,0.0,0.0,0.0,0.0,0.0,0.0,0.0,0.0,0.0,0.0,0.0,0.0,0.0,46407.0,0.0,113750.0,183642.0,0.0,0.0,0.0,0.0,0.0,0.0,0.0,0.0,0.0,0.0,0.0,0.0,0.0,0.0,0.0,0.0,0.0,0.0,0.0,0.0,0.0,0.0,0.0,0.0,0.0,0.0,0.0,0.0,0.0,0.0,0.0,163582.0,315970.0,0.0
75663196120158,526196.31,0.0,0.0,19662.41,52276.87,47138.0,110000.0,0.0,108068.04,34486.98,11897.33,22097.78,61746.84,2413.24,30946.45,0.0,0.0,0.0,73297.51,130.57,58411.41,8215.45,0.0,8391.17,1511.0,29565.55,27436.04,202965.78,213032.03,42222.17,3817.0,0.0,0.0,0.0,0.0,0.0,0.0,0.0,0.0,714.79,14332.85,0.0,0.0,698967.0,0.0,0.0,0.0,0.0,0.0,0.0,0.0,0.0,0.0,0.0,0.0,0.0,7668.27,0.0,23623.52,0.0,0.0,0.0,0.0,63165.97,0.0,0.0,0.0,0.0,677409.77,164119.89,0.0,0.0,0.0,469950.0,0.0,0.0,0.0,0.0,0.0,0.0,137797.64,0.0,0.0,84817.67,-124950.0,339927.63,386035.0,0.0
75671191996586,454967.0,0.0,65463.0,0.0,29199.0,73678.0,0.0,0.0,0.0,37535.0,9181.0,6429.0,74362.0,2819.0,27183.0,0.0,0.0,0.0,145867.0,13734.0,14986.0,29199.0,72335.0,0.0,32.0,5135.0,29544.0,135971.0,162434.0,4226.0,31671.0,0.0,34151.0,0.0,0.0,0.0,0.0,0.0,0.0,5731.0,0.0,83621.0,0.0,884761.0,0.0,0.0,0.0,0.0,0.0,0.0,200000.0,0.0,48221.0,45181.0,0.0,0.0,134731.0,0.0,0.0,0.0,0.0,0.0,240043.0,292132.0,0.0,0.0,0.0,0.0,23410.0,350069.0,0.0,0.0,0.0,200000.0,0.0,0.0,0.0,0.0,0.0,0.0,0.0,0.0,140247.0,47181.0,0.0,156701.0,99059.0,0.0
75705010101212,152356.0,0.0,67500.0,0.0,0.0,24754.0,49228.0,0.0,0.0,21008.0,0.0,4232.0,14008.0,875.0,12547.0,0.0,0.0,1742.0,21445.0,35.0,37092.0,40115.0,0.0,0.0,0.0,12831.0,12969.0,126818.0,140670.0,14523.0,0.0,0.0,0.0,0.0,0.0,6078.0,0.0,0.0,0.0,571.0,0.0,0.0,0.0,188306.0,0.0,0.0,0.0,0.0,0.0,0.0,0.0,0.0,0.0,216850.0,0.0,0.0,0.0,0.0,137335.0,0.0,0.0,0.0,0.0,5186.0,64827.0,0.0,0.0,0.0,0.0,91612.0,0.0,0.0,0.0,0.0,0.0,0.0,0.0,0.0,0.0,0.0,0.0,0.0,115736.0,44698.0,0.0,201645.0,56934.0,0.0
