CDSCode,1100,1200,1300,1900,2100,2200,2300,2400,2900,3101-3102,3201-3202,3301-3302,3401-3402,3501-3502,3601-3602,3701-3702,3801-3802,3901-3902,4100,4200,4300,4400,4700,5200,5300,5400,5500,5600,5800,5900,6100-6170,6200,6300,6400,6500,6900,7110-7143,7211-7213,7221-7223AO,7221-7223SE,7438,7439,7630-7699,8011,8015,8019,8020-8039,8040-8079,8080-8089,"8091, 8097",8092,"8110, 8260-8299","8181, 8182",8220,8290,8930-8979,8980-8999,9110,9111,9120,9130,9135,9140,9150,9200,9290,9320,9330,9340,9400-9499,9500,9590,9640,9650,9660-9669,9711,9712,9713,9719,9730,9740,9770,"9775, 9780",9790,9791,"9793, 9795",LocalRevAO,StateRevAO,StateRevSE
10041046119523,141992.26,0.0,0.0,0.0,16365.5,0.0,8575.0,36075.0,16165.66,10600.95,4086.17,8431.73,13706.2,1676.13,15494.91,0.0,0.0,0.0,0.0,2425.26,22114.59,8107.87,952.22,6371.44,805.25,3453.83,5727.7,72670.23,26867.19,3458.61,0.0,0.0,0.0,0.0,0.0,0.0,0.0,0.0,0.0,0.0,3494.0,0.0,0.0,0.0,188711.0,0.0,0.0,0.0,0.0,0.0,0.0,19385.77,0.0,0.0,0.0,0.0,0.0,0.0,0.0,88352.64,0.0,0.0,1452.71,0.0,27674.22,0.0,0.0,18100.0,0.0,0.0,6496.72,760.0,0.0,0.0,0.0,0.0,0.0,18100.0,0.0,0.0,0.0,0.0,0.0,110222.85,108672.89,2996.11,50128.64,75800.14,0.0
10108106085112,1553713.0,0.0,148445.0,22008.0,96066.0,107072.0,50000.0,172315.0,0.0,133362.0,33826.0,58769.0,424611.0,12868.0,80065.0,0.0,0.0,0.0,32867.0,849.0,40131.0,2857.0,0.0,21377.0,0.0,31492.0,98000.0,31683.0,880239.0,10459.0,0.0,0.0,0.0,0.0,0.0,0.0,0.0,0.0,0.0,0.0,0.0,0.0,0.0,0.0,2612206.0,0.0,0.0,0.0,0.0,0.0,0.0,218201.0,0.0,0.0,0.0,0.0,0.0,0.0,0.0,0.0,0.0,0.0,0.0,0.0,0.0,0.0,0.0,0.0,0.0,0.0,0.0,0.0,0.0,0.0,0.0,0.0,0.0,0.0,0.0,0.0,0.0,0.0,0.0,0.0,0.0,0.0,0.0,602357.0,0.0
10348340106773,5649.0,0.0,0.0,0.0,0.0,0.0,0.0,0.0,0.0,508.0,432.0,0.0,169.0,0.0,0.0,0.0,0.0,0.0,38720.0,1148.0,1542.0,0.0,0.0,0.0,0.0,6353.0,0.0,0.0,35318.0,0.0,0.0,0.0,0.0,9698.0,0.0,0.0,0.0,0.0,0.0,0.0,0.0,0.0,0.0,0.0,30654.0,0.0,0.0,0.0,0.0,0.0,0.0,0.0,0.0,0.0,0.0,0.0,0.0,0.0,0.0,199853.0,0.0,0.0,0.0,0.0,0.0,0.0,0.0,0.0,0.0,0.0,267260.0,0.0,0.0,0.0,0.0,0.0,0.0,0.0,0.0,0.0,0.0,0.0,0.0,-67407.0,0.0,0.0,1476.0,0.0,0.0
10439430102905,320421.0,0.0,120648.0,0.0,28454.0,0.0,0.0,89420.0,0.0,22756.0,0.0,7945.0,39389.0,3562.0,24662.0,0.0,0.0,31320.0,44871.0,0.0,25647.0,50437.0,4750.0,13827.0,2074.0,1732.0,16512.0,63157.0,127347.0,14424.0,0.0,0.0,0.0,0.0,0.0,1528.0,0.0,0.0,62739.0,0.0,7929.0,0.0,20678.0,255719.0,453321.0,0.0,0.0,0.0,0.0,0.0,0.0,0.0,0.0,0.0,44200.0,0.0,0.0,0.0,0.0,35072.0,0.0,0.0,333352.0,0.0,1080.0,127348.0,0.0,3335.0,0.0,8446.0,74793.0,77072.0,0.0,0.0,21577.0,0.0,0.0,3335.0,0.0,0.0,0.0,0.0,0.0,331856.0,362189.0,0.0,429547.0,0.0,0.0
10439430106534,549029.84,0.0,139275.0,3467.36,45979.15,18895.91,12300.0,7344.11,74750.37,55217.58,0.0,22775.24,54240.01,8255.35,29769.6,0.0,0.0,3241.05,72074.66,39382.81,76351.6,37438.98,2094.36,7752.51,1327.0,3266.53,2946.02,5045.74,274832.17,8410.63,0.0,0.0,0.0,0.0,0.0,11975.84,0.0,0.0,0.0,0.0,0.0,0.0,0.0,0.0,9070.0,0.0,0.0,0.0,0.0,0.0,0.0,0.0,0.0,0.0,0.0,0.0,0.0,0.0,0.0,239543.8,0.0,0.0,0.0,0.0,231689.37,0.0,0.0,52344.55,0.0,52226.22,97792.53,0.0,180000.0,0.0,0.0,0.0,0.0,52344.55,0.0,0.0,0.0,0.0,0.0,245666.86,0.0,0.0,824949.29,210674.0,0.0
10447444430252,1485063.0,0.0,81206.0,22968.0,0.0,0.0,0.0,133989.0,0.0,124621.85,30446.0,0.0,0.0,10676.0,46211.0,0.0,3899.96,0.0,35707.0,0.0,123245.0,40685.0,0.0,23239.0,2401.0,1605.0,62361.0,204270.0,316951.0,11559.0,0.0,0.0,0.0,0.0,0.0,66964.0,0.0,0.0,0.0,0.0,9599.0,0.0,40000.0,0.0,738179.0,-29126.0,0.0,0.0,0.0,0.0,0.0,85841.0,25000.0,0.0,777.0,0.0,0.0,800533.76,0.0,219691.0,0.0,0.0,0.0,0.0,4239.0,122327.0,0.0,0.0,2000.0,353914.0,37404.0,0.0,67197.0,2066.0,40000.0,0.0,0.0,0.0,0.0,0.0,0.0,0.0,0.0,1356037.76,919755.89,283847.07,672414.0,99801.61,63622.0
61119010130625,296713.67,0.0,34999.98,0.0,21900.0,28393.42,48000.0,36201.16,0.0,0.0,0.0,12023.53,19070.04,6305.74,19275.38,28893.75,0.0,0.0,12692.87,4153.61,43388.52,2228.85,6072.67,5744.92,1961.4,2384.64,15883.77,3666.72,44150.27,6746.19,0.0,0.0,0.0,0.0,0.0,0.0,0.0,0.0,0.0,0.0,0.0,0.0,0.0,0.0,327806.92,-1934.0,0.0,0.0,0.0,0.0,0.0,0.0,0.0,0.0,2822.0,0.0,0.0,0.0,0.0,181791.3,0.0,0.0,0.0,0.0,0.0,52875.83,0.0,0.0,0.0,0.0,4172.65,0.0,0.0,0.0,0.0,0.0,0.0,0.0,0.0,0.0,0.0,0.0,0.0,230494.48,227283.33,-3046.65,111945.94,15193.04,47987.0
61259010100065,501433.36,0.0,0.0,0.0,0.0,31228.84,0.0,37293.66,22070.0,33409.73,0.0,8584.52,86449.9,1224.42,33651.53,0.0,0.0,11488.44,28824.08,30523.0,23802.78,27423.86,0.0,1366.69,2991.87,15521.25,17288.52,225439.58,236806.86,3963.98,0.0,0.0,0.0,0.0,0.0,20349.09,0.0,0.0,0.0,0.0,12706.3,0.0,0.0,0.0,734092.99,0.0,0.0,0.0,0.0,0.0,0.0,282353.24,0.0,0.0,0.0,29236.98,0.0,0.0,0.0,163706.51,1060.26,0.0,0.0,0.0,80892.68,0.0,0.0,7705.67,12360.0,25169.91,100731.94,0.0,50000.0,25000.0,0.0,1060.26,0.0,7705.67,0.0,0.0,0.0,0.0,0.0,106397.16,777.53,56354.81,3234.38,57148.42,0.0
61259010100123,32507.96,0.0,78342.04,0.0,0.0,71262.47,0.0,13751.99,0.0,0.0,0.0,9944.99,9577.43,1744.18,4902.0,0.0,0.0,0.0,0.0,0.0,1994.21,0.0,0.0,1100.0,20.0,3140.0,145518.42,115201.17,43915.17,4951.93,0.0,0.0,0.0,0.0,0.0,0.0,0.0,0.0,0.0,0.0,0.0,0.0,0.0,0.0,209628.27,0.0,0.0,0.0,0.0,0.0,0.0,30907.0,0.0,0.0,0.0,0.0,0.0,0.0,0.0,87882.9,0.0,0.0,0.0,0.0,19520.8,0.0,0.0,15000.0,0.0,116796.3,42327.18,0.0,0.0,0.0,0.0,0.0,0.0,15000.0,15000.0,0.0,0.0,0.0,0.0,166872.82,28799.0,256451.0,10926.09,49816.01,0.0
61259010106468,67521.6,0.0,0.0,0.0,20000.0,0.0,23200.0,8250.0,0.0,0.0,0.0,7025.0,10500.0,4750.0,3980.0,0.0,0.0,0.0,0.0,2200.0,0.0,0.0,0.0,100.0,0.0,10100.0,2500.0,7300.0,0.0,0.0,0.0,10100.0,0.0,0.0,0.0,0.0,0.0,0.0,0.0,0.0,0.0,0.0,0.0,0.0,89743.59,0.0,0.0,0.0,0.0,0.0,0.0,37483.0,0.0,0.0,0.0,0.0,0.0,0.0,0.0,300.4,0.0,0.0,0.0,0.0,0.0,0.0,0.0,0.0,0.0,0.0,0.0,0.0,0.0,0.0,0.0,0.0,0.0,0.0,0.0,0.0,0.0,0.0,0.0,300.4,0.0,0.0,0.0,0.0,0.0
61259010106906,261441.32,0.0,0.0,0.0,0.0,0.0,43472.36,0.0,0.0,0.0,0.0,23051.96,40734.86,4380.78,13508.15,0.0,0.0,2037.31,48400.94,1192.27,39555.23,17361.56,30472.43,6385.44,1906.12,5335.18,8708.98,186553.32,131315.6,16777.98,0.0,0.0,0.0,12340.52,0.0,0.0,640.79,0.0,0.0,0.0,0.0,0.0,0.0,0.0,209303.0,0.0,0.0,0.0,0.0,449260.0,0.0,0.0,0.0,0.0,0.0,0.0,0.0,0.0,0.0,49668.49,0.0,0.0,0.0,0.0,38418.0,0.0,0.0,0.0,20206.44,0.0,0.0,0.0,58624.44,0.0,0.0,0.0,0.0,0.0,0.0,0.0,0.0,0.0,0.0,49668.49,0.0,0.0,127819.48,0.0,0.0
61259010107169,166471.14,0.0,74051.89,0.0,0.0,0.0,64286.25,19729.98,5655.0,13717.16,0.0,10651.93,17104.7,3365.53,11378.82,0.0,0.0,1514.07,0.0,22908.42,12989.98,27355.49,69.84,391.0,1453.8,3946.09,15288.37,56306.25,173464.45,5174.17,0.0,0.0,0.0,0.0,0.0,0.0,0.0,0.0,0.0,0.0,0.0,0.0,0.0,0.0,223310.0,0.0,0.0,0.0,0.0,0.0,0.0,380000.0,0.0,0.0,33603.0,0.0,0.0,0.0,0.0,241284.95,0.0,0.0,0.0,0.0,11235.24,0.0,0.0,12924.44,10175.0,0.0,26376.22,0.0,0.0,0.0,200000.0,0.0,0.0,12924.44,0.0,0.0,0.0,0.0,0.0,36318.97,0.0,0.0,85.3,6668.21,0.0
61259010130518,600597.0,0.0,85000.0,5052.0,0.0,29376.0,107424.0,98232.0,10561.0,0.0,0.0,69408.0,66651.0,13043.0,45277.0,0.0,0.0,0.0,25844.0,13692.0,33889.0,27183.0,0.0,1035.0,1383.0,25107.0,35107.0,112628.0,246956.0,16746.0,0.0,0.0,0.0,0.0,0.0,19265.0,0.0,0.0,0.0,0.0,0.0,0.0,0.0,0.0,754280.0,0.0,0.0,0.0,0.0,0.0,0.0,0.0,0.0,0.0,151208.0,0.0,0.0,0.0,0.0,36394.0,0.0,0.0,0.0,0.0,134495.0,0.0,0.0,0.0,5090.0,51104.0,8000.0,0.0,0.0,0.0,0.0,0.0,0.0,0.0,0.0,0.0,0.0,0.0,0.0,219083.0,45869.66,49865.34,300619.0,178758.0,0.0
61259010130591,685182.74,80166.58,0.0,45184.89,80166.58,0.0,85662.0,64872.0,0.0,0.0,0.0,76594.81,108765.08,8437.3,19877.04,0.0,0.0,27461.0,127600.02,61847.59,13892.57,63819.46,3926.23,8174.37,5209.91,27581.44,105793.58,397589.47,194890.32,30319.08,0.0,0.0,0.0,0.0,0.0,0.0,0.0,0.0,0.0,91986.7,27846.21,0.0,0.0,0.0,1827622.0,0.0,0.0,0.0,0.0,0.0,0.0,0.0,0.0,0.0,0.0,0.0,0.0,0.0,0.0,115249.8,0.0,0.0,0.0,0.0,205748.56,0.0,0.0,0.0,141296.25,0.0,115639.78,0.0,0.0,0.0,0.0,0.0,0.0,0.0,0.0,0.0,0.0,0.0,0.0,346654.83,84812.0,29335.0,0.0,82145.8,0.0
61259010130617,986428.93,0.0,194996.15,0.0,0.0,0.0,61800.0,159610.12,39287.79,95904.87,10476.36,34483.72,155835.18,22388.43,72843.0,0.0,0.0,0.03,57669.64,28828.02,55331.76,11555.72,86215.55,2788.21,3012.0,16843.0,129743.46,207756.5,335290.36,11314.36,0.0,2461.0,0.0,0.0,0.0,0.0,0.0,0.0,0.0,0.0,0.0,0.0,0.0,0.0,1400840.0,-958.0,0.0,0.0,0.0,0.0,0.0,0.0,0.0,50346.54,144178.85,0.0,0.0,0.0,0.0,405946.32,0.0,0.0,40000.0,9871.56,178099.17,32364.06,0.0,0.0,0.0,0.0,450077.58,0.0,0.0,22617.46,0.0,0.0,0.0,0.0,0.0,0.0,0.0,0.0,52300.0,141286.07,72098.3,-7024.04,377165.1,158186.48,0.0
61259010130633,671126.37,0.0,65000.0,0.0,106655.15,26649.99,175941.97,84480.87,0.0,0.0,0.0,16493.38,37027.58,7917.46,43845.72,0.0,0.0,85417.85,0.0,33058.97,119697.11,55962.29,6909.74,28741.84,2959.0,11480.2,26705.95,265804.04,289006.25,15643.01,0.0,0.0,0.0,0.0,0.0,14231.93,0.0,0.0,0.0,0.0,0.0,0.0,0.0,0.0,843742.0,0.0,0.0,0.0,0.0,0.0,0.0,0.0,0.0,0.0,77947.0,0.0,0.0,0.0,0.0,420967.65,0.0,0.0,0.0,0.0,229851.22,0.0,0.0,847.0,10000.0,49844.87,144039.71,0.0,0.0,0.0,0.0,0.0,0.0,847.0,0.0,0.0,0.0,0.0,0.0,566624.03,323522.71,50709.44,633994.32,266968.94,0.0
61259010130666,1009798.82,59045.15,87616.83,0.0,38303.87,0.0,0.0,112400.18,99620.31,86502.8,16969.71,31459.92,127056.33,15986.51,47436.94,0.0,0.0,15448.75,0.0,28276.83,77063.81,16239.87,9189.1,11348.93,1948.09,42513.56,62926.34,13235.11,189877.04,22457.82,0.0,0.0,0.0,0.0,0.0,411855.31,0.0,0.0,0.0,0.0,705038.63,0.0,0.0,0.0,1549916.0,52113.0,0.0,0.0,0.0,0.0,0.0,199789.06,0.0,0.0,0.0,0.0,0.0,0.0,0.0,980575.17,0.0,0.0,0.0,0.0,398743.78,0.0,0.0,0.0,253431.57,9250515.88,413916.85,0.0,125000.0,13163.5,9435000.0,0.0,0.0,0.0,0.0,0.0,0.0,0.0,0.0,896186.05,1096553.2,25590.8,227764.86,228950.59,0.0
61259013030772,1028610.08,0.0,318980.06,0.0,0.0,133554.41,238405.25,236521.43,0.0,217694.55,0.0,51687.19,128383.97,14561.25,76799.26,0.0,0.0,4898.15,0.0,12525.58,153882.55,2816.08,5065.85,4157.76,1752.77,20025.55,167828.27,538309.95,403068.83,41745.9,0.0,0.0,0.0,0.0,0.0,375693.63,0.0,0.0,0.0,84428.71,15557.9,0.0,2059081.54,0.0,1003066.35,0.0,0.0,0.0,0.0,0.0,0.0,0.0,0.0,1238.0,0.0,2059081.54,0.0,0.0,0.0,213620.89,0.0,500.0,0.0,0.0,0.0,0.0,0.0,7019.76,0.0,1852125.35,537930.09,0.0,1248128.6,0.0,231849.64,0.0,0.0,7019.76,0.0,0.0,0.0,0.0,0.0,48337.91,57473.0,191518.16,2585328.18,0.0,0.0
61259016111660,240760.09,0.0,69698.73,0.0,0.0,0.0,0.0,48362.86,33700.5,0.0,0.0,32698.4,21422.33,8457.39,32056.99,0.0,0.0,0.0,36733.93,0.0,7090.81,0.0,0.0,15931.65,0.0,27002.35,75437.51,338752.98,177535.79,3629.79,0.0,0.0,0.0,0.0,0.0,0.0,0.0,0.0,0.0,0.0,0.0,0.0,0.0,0.0,511285.2,0.0,0.0,0.0,0.0,0.0,0.0,102093.0,0.0,0.0,0.0,0.0,0.0,0.0,0.0,327454.27,0.0,0.0,90000.0,0.0,262155.84,0.0,0.0,589.6,21800.0,499241.29,0.0,0.0,0.0,0.0,0.0,0.0,0.0,589.6,0.0,0.0,0.0,0.0,0.0,1200651.4,55000.0,1085293.0,8896.31,272647.65,0.0
61259016113807,257299.73,0.0,0.0,0.0,0.0,0.0,92669.63,45750.0,0.0,0.0,0.0,18226.12,21391.26,2580.1,10041.12,0.0,0.0,0.0,68496.12,0.0,0.0,0.0,0.0,7129.62,683.2,3736.0,315587.71,138902.12,51761.38,4824.11,0.0,0.0,0.0,0.0,0.0,0.0,0.0,0.0,0.0,0.0,0.0,0.0,0.0,0.0,496875.31,0.0,0.0,0.0,0.0,0.0,0.0,81396.0,0.0,0.0,0.0,0.0,0.0,0.0,0.0,212985.87,0.0,0.0,0.0,0.0,188969.38,0.0,0.0,0.0,0.0,62453.2,143669.41,0.0,0.0,0.0,0.0,0.0,0.0,0.0,0.0,0.0,0.0,0.0,0.0,320739.04,226267.88,159442.12,29875.0,60009.26,0.0
61259016115711,86302.6,0.0,0.0,0.0,11381.0,10868.75,62632.74,39706.19,0.0,0.0,0.0,16305.44,11637.0,3340.0,10967.69,0.0,0.0,0.0,742.0,3847.0,11011.0,280.0,1055.0,91.0,257.0,12827.0,10388.07,61804.0,45218.27,4902.0,0.0,0.0,0.0,0.0,0.0,0.0,0.0,0.0,0.0,0.0,0.0,0.0,0.0,0.0,94604.59,0.0,0.0,0.0,0.0,0.0,0.0,18096.0,0.0,0.0,0.0,0.0,0.0,0.0,0.0,52242.32,0.0,0.0,0.0,0.0,0.0,0.0,0.0,0.0,12450.47,5046.02,5114.66,0.0,0.0,0.0,0.0,0.0,0.0,0.0,0.0,0.0,0.0,0.0,0.0,64624.15,99280.58,16910.76,154744.2,19022.7,0.0
61259016117394,817455.18,3503.75,124385.21,0.0,27628.77,12843.37,11750.01,38359.76,210351.95,70011.04,0.0,42626.77,132880.45,18488.65,53316.64,0.0,0.0,579.5,0.0,43040.3,24584.11,4283.93,13989.64,823.75,1625.99,11782.56,21373.09,113287.55,421779.21,13388.25,0.0,0.0,0.0,0.0,0.0,3502.35,0.0,0.0,0.0,0.0,4674.67,0.0,0.0,0.0,996198.78,0.0,0.0,0.0,0.0,0.0,0.0,0.0,0.0,0.0,171039.0,0.0,0.0,0.0,0.0,470033.84,0.0,0.0,0.0,0.0,98480.21,0.0,0.0,13593.75,0.0,11614.41,154470.46,0.0,0.0,0.0,166666.67,0.0,0.0,13593.75,0.0,0.0,0.0,0.0,0.0,258991.33,231973.86,0.0,97006.66,384553.26,0.0
61259016117402,523552.5,1744.52,141073.42,0.0,13762.5,6618.75,0.0,55657.5,0.0,51493.68,4597.82,16783.07,80381.07,10805.32,28039.0,0.0,0.0,5436.0,11151.66,9154.01,24078.82,5536.12,8943.91,7305.05,2023.0,5767.6,37705.6,73026.44,297897.05,6340.9,0.0,0.0,0.0,0.0,0.0,11756.57,0.0,0.0,0.0,0.0,4736.0,0.0,0.0,0.0,637661.01,0.0,0.0,0.0,0.0,0.0,0.0,0.0,0.0,0.0,135161.0,0.0,0.0,0.0,0.0,756422.76,0.0,0.0,0.0,0.0,84820.43,0.0,0.0,8112.76,0.0,40702.43,109396.39,0.0,0.0,0.0,200000.0,0.0,0.0,8112.76,0.0,0.0,0.0,0.0,0.0,572549.23,440503.96,0.0,165590.56,222204.75,0.0
61259016117568,1284022.47,53811.04,191507.25,0.0,42604.96,0.0,0.0,119949.78,104968.74,117417.26,22910.94,44095.78,156757.06,25286.87,61024.43,0.0,0.0,15739.66,0.0,64579.59,113299.8,29969.97,37853.81,24232.7,625.7,20215.21,48518.64,340460.09,335767.95,13146.0,0.0,0.0,0.0,0.0,0.0,122915.75,0.0,0.0,0.0,0.0,0.0,0.0,0.0,0.0,1757364.0,6075.0,0.0,0.0,0.0,0.0,0.0,119576.97,0.0,0.0,0.0,0.0,0.0,0.0,0.0,423938.72,0.0,0.0,0.0,0.0,489714.44,0.0,0.0,26539.43,25000.0,561697.04,399431.92,0.0,0.0,387532.54,0.0,0.0,0.0,26539.43,0.0,0.0,0.0,0.0,0.0,713385.74,786008.31,-137810.31,363019.6,578763.35,0.0
61259016117972,162381.07,0.0,56653.46,49487.17,24073.81,8806.0,0.0,19037.17,0.0,26527.99,0.0,23628.9,17771.04,4169.8,13680.14,0.0,0.0,0.0,850.42,290.56,10026.63,50.98,15710.14,3916.08,500.0,14371.69,10789.14,59247.17,25297.41,1451.38,0.0,0.0,0.0,0.0,0.0,0.0,0.0,0.0,0.0,17691.98,0.0,0.0,0.0,0.0,177658.19,0.0,0.0,0.0,0.0,0.0,0.0,15886.0,0.0,0.0,0.0,0.0,0.0,0.0,0.0,198396.78,0.0,0.0,0.0,0.0,29874.33,0.0,0.0,817.0,49402.55,0.0,87552.36,0.0,0.0,0.0,14000.0,0.0,0.0,817.0,0.0,0.0,0.0,0.0,0.0,176121.3,151244.19,35022.27,195850.83,44157.14,0.0
61259016119911,223489.0,0.0,77673.0,8758.0,32645.0,3972.0,58312.0,65570.0,20009.0,0.0,0.0,7394.0,45328.0,8506.0,24129.0,0.0,0.0,0.0,0.0,33757.0,22769.0,0.0,5627.0,5513.0,1890.0,5607.0,48419.0,113875.0,26395.0,4642.0,0.0,0.0,0.0,0.0,0.0,0.0,0.0,0.0,0.0,0.0,0.0,0.0,0.0,300828.0,0.0,0.0,0.0,0.0,0.0,0.0,0.0,0.0,0.0,0.0,49706.0,98500.0,0.0,3117.0,0.0,0.0,0.0,0.0,0.0,0.0,3000.0,0.0,0.0,6589.0,177337.0,194912.0,102965.0,0.0,98500.0,63953.0,116282.0,0.0,0.0,6589.0,0.0,0.0,0.0,0.0,0.0,-3334.0,102069.0,-87491.0,128088.0,0.0,0.0
61424046113773,621459.6,0.0,900.0,900.0,26823.14,42192.83,27500.0,26971.76,72016.29,47083.47,14311.46,24255.41,87648.51,13187.89,20802.51,0.0,0.0,22940.14,0.0,2284.82,26627.37,4296.3,15299.37,9517.53,2784.0,4693.93,29373.26,167703.24,311738.36,8183.58,0.0,0.0,0.0,0.0,0.0,275.0,0.0,0.0,0.0,0.0,0.0,0.0,0.0,0.0,747154.0,0.0,0.0,0.0,0.0,0.0,0.0,0.0,0.0,0.0,0.0,0.0,0.0,0.0,0.0,261552.94,0.0,0.0,0.0,0.0,62063.29,0.0,0.0,29691.21,0.0,826.48,284459.07,0.0,0.0,0.0,0.0,0.0,0.0,29691.21,0.0,0.0,0.0,0.0,0.0,39983.64,0.0,12782.0,214931.6,197861.02,0.0
61705076118160,1400765.0,0.0,0.0,0.0,8400.0,0.0,0.0,55728.0,0.0,0.0,0.0,108509.0,0.0,0.0,21109.0,0.0,0.0,0.0,269832.0,0.0,10400.0,0.0,0.0,3130.0,930.0,7373.0,89820.0,598834.0,550609.0,38152.0,0.0,0.0,0.0,0.0,0.0,0.0,0.0,0.0,0.0,0.0,0.0,0.0,0.0,0.0,2517073.0,-25592.0,0.0,0.0,0.0,0.0,0.0,0.0,0.0,0.0,8343.0,0.0,0.0,0.0,0.0,0.0,0.0,0.0,0.0,0.0,277065.0,0.0,0.0,0.0,0.0,0.0,281125.0,0.0,0.0,0.0,0.0,0.0,0.0,0.0,0.0,0.0,0.0,0.0,0.0,-4060.0,134470.82,-400253.82,56378.0,97640.0,0.0
61796070101477,697860.0,0.0,198619.0,0.0,19241.0,0.0,0.0,115219.0,6681.0,54444.0,0.0,14506.0,77226.0,6499.0,46887.0,0.0,0.0,10988.0,81522.0,9064.0,41573.0,57154.0,69272.0,17525.0,2277.0,5091.0,27016.0,72762.0,131773.0,13560.0,0.0,0.0,0.0,0.0,0.0,30950.0,0.0,0.0,0.0,116745.0,16549.0,0.0,0.0,272851.0,1243683.0,0.0,0.0,0.0,0.0,0.0,0.0,0.0,0.0,21476.0,108367.0,0.0,0.0,0.0,0.0,24564.0,0.0,0.0,0.0,0.0,198676.0,153304.0,0.0,10583.0,0.0,333022.0,121538.0,0.0,171875.0,0.0,0.0,0.0,0.0,10583.0,0.0,0.0,0.0,0.0,0.0,416153.0,489430.0,-401779.0,710304.0,0.0,0.0
61796076118368,227417.9,5161.5,0.0,0.0,0.0,0.0,0.0,99728.11,0.0,18730.03,9852.09,13672.4,26050.13,0.0,20061.69,0.0,0.0,0.0,5336.23,493.93,8020.41,1116.21,0.0,4801.04,474.0,550.0,8457.84,67666.0,21259.58,3882.4,0.0,0.0,0.0,0.0,0.0,0.0,0.0,0.0,0.0,0.0,0.0,0.0,0.0,0.0,316325.29,0.0,0.0,0.0,0.0,0.0,0.0,0.0,0.0,0.0,0.0,16702.0,0.0,0.0,0.0,192558.31,0.0,0.0,0.0,0.0,0.0,24844.16,0.0,0.0,6824.98,34065.62,20162.6,0.0,0.0,0.0,0.0,0.0,0.0,0.0,0.0,0.0,0.0,0.0,0.0,238130.57,207273.35,97.5,0.0,193978.17,0.0
62166100106682,129041.54,0.0,54807.69,0.0,0.0,1215.0,43978.85,625.0,15150.0,0.0,0.0,19694.17,15547.2,0.0,0.0,0.0,0.0,0.0,2925.28,6724.36,64273.25,62715.39,46345.16,0.0,231.0,8870.22,11800.98,85025.79,128812.8,0.0,0.0,0.0,0.0,0.0,0.0,0.0,0.0,0.0,0.0,0.0,0.0,0.0,0.0,0.0,234147.0,0.0,0.0,0.0,0.0,0.0,0.0,5497.0,0.0,0.0,221351.01,271803.63,0.0,0.0,0.0,272629.82,0.0,0.0,0.0,0.0,42769.99,0.0,0.0,0.0,25000.0,0.0,14530.36,0.0,0.0,183949.99,0.0,0.0,0.0,0.0,163055.77,0.0,0.0,0.0,0.0,-21136.31,25898.64,0.0,0.0,0.0,0.0
62166100106740,185783.25,0.0,21450.0,0.0,136852.31,0.0,0.0,44569.69,5559.57,0.0,0.0,30412.56,0.0,7900.17,4175.9,0.0,0.0,0.0,0.0,31430.76,14367.25,0.0,1635.33,867.79,420.0,1883.1,10324.16,28571.61,40814.67,4732.28,0.0,0.0,0.0,22766.89,0.0,0.0,0.0,0.0,0.0,0.0,0.0,0.0,0.0,0.0,630500.0,0.0,0.0,0.0,0.0,0.0,0.0,0.0,0.0,0.0,0.0,0.0,0.0,0.0,0.0,103711.1,0.0,0.0,0.0,0.0,0.0,0.0,0.0,0.0,0.0,0.0,0.0,0.0,0.0,0.0,0.0,0.0,0.0,0.0,0.0,0.0,0.0,0.0,0.0,103711.1,0.0,0.0,0.0,0.0,0.0
62166101030642,713728.85,0.0,105909.76,0.0,283697.45,0.0,0.0,78628.04,0.0,0.0,0.0,86741.85,118389.62,0.0,44224.05,38985.36,0.0,20755.55,40515.36,3325.61,30803.66,33060.63,43463.23,7656.34,1346.75,13476.7,18861.94,136858.47,197259.13,8421.99,0.0,0.0,0.0,0.0,0.0,0.0,0.0,0.0,0.0,0.0,0.0,0.0,0.0,0.0,1418208.0,0.0,0.0,0.0,0.0,0.0,0.0,55834.0,0.0,26406.13,18685.0,0.0,0.0,0.0,0.0,0.0,0.0,0.0,0.0,0.0,27460.56,0.0,0.0,0.0,0.0,0.0,27460.56,0.0,0.0,0.0,0.0,0.0,0.0,0.0,0.0,0.0,0.0,0.0,0.0,0.0,0.0,0.0,297763.28,32388.57,0.0
62166101030667,558391.5,0.0,0.0,56100.0,52145.25,0.0,0.0,72425.72,67268.93,0.0,0.0,49521.87,79437.57,17455.37,30744.9,29950.66,0.0,0.0,29950.66,20026.58,7031.36,115.3,22273.09,16871.15,5258.09,912.0,16666.39,49294.0,69143.06,4062.76,0.0,0.0,0.0,0.0,0.0,0.0,0.0,0.0,27072.15,39257.56,0.0,0.0,0.0,0.0,937501.19,0.0,0.0,0.0,0.0,0.0,0.0,20788.0,0.0,19985.15,93047.0,419.95,0.0,0.0,0.0,223253.86,0.0,0.0,0.0,0.0,0.0,0.0,0.0,0.0,9335.0,0.0,15089.78,0.0,0.0,72507.58,0.0,0.0,0.0,0.0,0.0,0.0,0.0,0.0,0.0,144991.5,90768.63,-21659.69,31708.23,114870.41,0.0
62166101030733,246398.33,0.0,0.0,0.0,147432.96,0.0,0.0,0.0,0.0,7513.57,16789.36,0.0,40116.28,0.0,16087.0,0.0,0.0,499.0,1688.3,5616.81,10137.05,0.0,0.0,2212.01,562.56,0.0,24029.34,44540.19,14295.41,0.0,0.0,10413.91,0.0,0.0,0.0,0.0,0.0,0.0,6072.0,28053.34,0.0,0.0,0.0,512103.0,0.0,0.0,0.0,0.0,0.0,0.0,0.0,38960.0,0.0,0.0,0.0,0.0,0.0,0.0,0.0,105910.09,0.0,0.0,0.0,40000.0,0.0,0.0,0.0,0.0,128827.0,0.0,34228.92,0.0,13821.17,0.0,0.0,0.0,0.0,0.0,0.0,0.0,0.0,0.0,0.0,226687.0,27561.0,159397.0,0.0,17162.0,0.0
62166101030840,695471.61,176423.1,238310.41,0.0,25123.93,40122.16,0.0,46475.8,0.0,0.0,0.0,88696.79,107977.72,18924.5,38165.22,0.0,0.0,2700.0,0.0,1185.78,125422.14,0.0,39248.43,18479.84,3577.5,6040.93,73722.23,267286.27,145844.32,20248.66,383.0,29691.73,0.0,4434.93,0.0,0.0,17034.42,0.0,0.0,0.0,8800.0,0.0,0.0,0.0,1626879.0,0.0,0.0,0.0,0.0,0.0,0.0,0.0,0.0,0.0,160054.0,0.0,0.0,0.0,0.0,42312.61,0.0,0.0,0.0,0.0,275639.32,0.0,0.0,0.0,0.0,0.0,61458.99,0.0,0.0,0.0,0.0,0.0,0.0,0.0,0.0,0.0,0.0,0.0,0.0,256492.94,168302.78,23909.22,2497.12,89428.55,0.0
62166106088942,1004687.0,6030.0,232114.0,0.0,38916.0,85491.0,0.0,58989.0,4035.0,100912.0,12384.0,27918.0,336707.0,9399.0,56856.0,0.0,3795.0,1650.0,13871.0,596.0,62225.0,0.0,0.0,15112.0,0.0,10989.0,0.0,0.0,35971.0,5.0,0.0,0.0,0.0,5396.0,0.0,0.0,0.0,0.0,0.0,0.0,0.0,0.0,0.0,0.0,1224581.0,24685.0,0.0,0.0,0.0,0.0,0.0,0.0,100782.0,44457.0,210939.0,0.0,0.0,0.0,0.0,0.0,0.0,0.0,0.0,0.0,0.0,0.0,0.0,0.0,0.0,0.0,0.0,0.0,0.0,0.0,0.0,0.0,0.0,0.0,0.0,0.0,0.0,0.0,0.0,0.0,0.0,0.0,1875.0,250749.0,0.0
62166106118095,128160.0,0.0,69744.0,1625.0,20304.0,0.0,0.0,25495.0,0.0,0.0,0.0,19067.0,17134.0,3514.0,11940.0,0.0,0.0,6000.0,0.0,572.0,5431.0,1872.0,34965.0,2185.0,125.0,10690.0,11132.0,6010.0,99175.0,0.0,0.0,40000.0,0.0,1170.0,0.0,0.0,0.0,0.0,5130.0,24269.0,0.0,0.0,112000.0,0.0,385779.0,0.0,0.0,0.0,0.0,0.0,0.0,0.0,0.0,33643.0,71286.0,0.0,0.0,0.0,0.0,28579.0,0.0,0.0,0.0,0.0,0.0,83776.0,0.0,0.0,0.0,0.0,34951.0,5136.0,0.0,0.0,0.0,0.0,0.0,0.0,0.0,48251.0,24015.0,0.0,0.0,2.0,63233.0,0.0,111.0,62386.0,0.0
62174101030774,521556.81,79689.9,111251.71,0.0,1832.0,65331.82,0.0,53269.36,0.0,0.0,0.0,61908.49,89782.24,14317.24,26566.1,0.0,0.0,2700.0,0.0,1185.78,135618.3,0.0,5361.64,17690.22,5595.1,6040.94,15374.57,89248.52,69008.16,20094.3,6022.0,24714.5,0.0,4434.92,0.0,0.0,12854.52,0.0,0.0,0.0,0.0,0.0,0.0,0.0,1179423.0,0.0,0.0,0.0,0.0,0.0,0.0,0.0,0.0,0.0,103122.0,0.0,0.0,0.0,0.0,96477.16,0.0,0.0,0.0,0.0,203575.53,0.0,0.0,0.0,0.0,0.0,52089.28,0.0,0.0,0.0,0.0,0.0,0.0,0.0,0.0,0.0,0.0,0.0,0.0,247963.41,284604.14,-50865.14,3134.64,29601.91,0.0
62174101030857,94347.0,0.0,31500.0,0.0,135281.0,0.0,26093.0,0.0,0.0,0.0,21177.0,13035.0,6782.0,11145.0,0.0,0.0,0.0,0.0,0.0,0.0,44545.0,3352.0,0.0,7987.0,644.0,16873.0,3514.0,220739.0,98267.0,0.0,0.0,0.0,0.0,0.0,0.0,0.0,0.0,0.0,0.0,0.0,0.0,0.0,0.0,0.0,455094.0,0.0,0.0,0.0,0.0,0.0,0.0,129100.0,0.0,6395.0,0.0,0.0,0.0,0.0,0.0,0.0,1714.0,0.0,0.0,0.0,177731.0,87453.0,0.0,0.0,478.0,0.0,1567743.0,0.0,0.0,0.0,236141.0,1714.0,0.0,0.0,0.0,0.0,0.0,0.0,0.0,-1538222.0,-489544.11,-995935.89,23655.0,24353.0,0.0
62364100107623,343455.23,83794.5,98526.7,36000.0,22037.01,0.0,155117.55,128647.29,0.0,0.0,0.0,66369.75,66866.78,14524.88,29126.01,7630.0,0.0,5026.17,302033.41,52545.99,52419.59,4440.45,0.0,74439.07,160.0,13147.18,10901.37,87325.05,119776.71,8980.14,0.0,0.0,0.0,0.0,0.0,12151.0,0.0,0.0,40558.55,0.0,0.0,0.0,0.0,0.0,1618852.0,0.0,0.0,0.0,0.0,0.0,0.0,0.0,0.0,0.0,0.0,0.0,0.0,0.0,0.0,-3453.48,0.0,0.0,0.0,0.0,793742.67,0.0,0.0,0.0,154.8,71126.05,311095.82,0.0,0.0,0.0,685887.93,0.0,0.0,0.0,0.0,0.0,0.0,0.0,0.0,-135413.71,0.0,0.0,60.67,0.0,0.0
63628156121024,1831331.0,0.0,44913.0,0.0,0.0,0.0,0.0,0.0,0.0,99281.0,0.0,13801.0,0.0,5179.0,38807.0,0.0,4381.0,97383.0,1672318.0,0.0,1165736.0,0.0,0.0,37672.0,0.0,0.0,130505.0,434516.0,1529992.0,121916.0,0.0,0.0,0.0,0.0,0.0,6251.0,0.0,0.0,0.0,0.0,0.0,0.0,0.0,4338336.0,0.0,23214.0,0.0,0.0,0.0,0.0,0.0,0.0,0.0,0.0,0.0,863064.0,0.0,204475.0,0.0,458576.0,0.0,0.0,0.0,0.0,914808.0,0.0,0.0,27517.0,0.0,45238.0,3647567.0,0.0,0.0,0.0,1081122.0,0.0,0.0,27517.0,0.0,0.0,0.0,0.0,0.0,-3105592.0,0.0,-2032469.0,0.0,144709.0,206075.0
64204181830132,1231602.0,0.0,24562.0,0.0,0.0,719547.0,217998.0,0.0,0.0,93603.0,0.0,94655.0,220114.0,24908.0,48960.0,0.0,0.0,0.0,68825.0,20993.0,93163.0,51761.0,433.0,32630.0,1440.0,35048.0,124198.0,464918.0,1061347.0,42972.0,0.0,0.0,0.0,0.0,0.0,13465.0,0.0,0.0,0.0,0.0,0.0,0.0,0.0,0.0,3629940.0,0.0,0.0,0.0,0.0,0.0,0.0,0.0,0.0,0.0,159109.0,0.0,0.0,0.0,0.0,392042.0,0.0,0.0,0.0,0.0,57120.0,539186.0,0.0,55186.0,0.0,259751.0,16294.0,528049.0,0.0,0.0,0.0,0.0,0.0,55186.0,0.0,0.0,0.0,0.0,0.0,703756.0,725785.0,0.0,7015.0,484563.0,152312.0
64246191996537,2204598.66,73087.75,290081.76,103827.54,78043.69,173089.7,287000.0,378048.66,75168.0,0.0,0.0,266152.1,415792.45,40681.0,155527.06,184918.14,0.0,19224.03,645829.62,69473.83,128031.58,56629.83,3000.83,212272.95,13278.31,75487.47,40662.58,199396.87,237524.59,47555.62,0.0,0.0,0.0,0.0,0.0,41210.0,0.0,0.0,0.0,0.0,7274.96,0.0,0.0,0.0,4718304.0,0.0,0.0,0.0,0.0,0.0,0.0,0.0,0.0,0.0,0.0,0.0,0.0,1552.75,0.0,-29627.6,176.44,0.0,0.0,0.0,28323.91,1230617.43,0.0,3343.0,0.0,197191.32,1015917.06,0.0,0.0,0.0,0.0,176.44,0.0,3343.0,0.0,0.0,0.0,0.0,0.0,412140.75,304806.41,257729.03,12025.46,142104.96,380771.44
64287191996479,2454905.43,0.0,343023.66,56789.6,228284.04,0.0,0.0,0.0,2436.32,0.0,0.0,214636.89,273033.06,0.0,63635.21,0.0,0.0,262288.89,974977.54,93828.54,106080.49,0.0,0.0,0.0,0.0,30586.91,88442.25,522895.56,1732500.0,75238.37,0.0,0.0,0.0,0.0,0.0,56502.31,0.0,0.0,0.0,0.0,0.0,0.0,0.0,0.0,6187069.0,0.0,0.0,0.0,0.0,0.0,0.0,0.0,0.0,0.0,0.0,0.0,0.0,0.0,0.0,345889.94,0.0,0.0,0.0,1096684.87,968591.66,0.0,0.0,125201.34,0.0,145598.7,797780.13,0.0,0.0,0.0,787501.51,0.0,0.0,125201.34,0.0,0.0,0.0,0.0,0.0,971483.53,1182959.02,-190821.16,0.0,198474.23,164526.0
64352190101642,319900.24,0.0,77727.24,214456.17,76114.76,0.0,116634.93,167883.43,0.0,32804.27,43901.53,35263.97,35896.06,4394.89,19669.01,0.0,0.0,0.0,2610.35,3213.33,7024.41,28773.37,0.0,6529.93,900.0,59576.74,13559.57,179647.76,672518.36,5147.08,0.0,0.0,0.0,0.0,0.0,0.0,0.0,0.0,0.0,0.0,0.0,0.0,0.0,0.0,1495819.0,0.0,0.0,0.0,0.0,0.0,0.0,0.0,0.0,0.0,0.0,0.0,0.0,0.0,0.0,16963.48,0.0,0.0,0.0,0.0,576113.66,0.0,0.0,30002.0,404014.0,0.0,784032.54,0.0,50000.0,0.0,0.0,0.0,0.0,30002.0,0.0,0.0,0.0,0.0,0.0,163058.6,0.0,0.0,0.0,0.0,0.0
64634190101667,951542.3,0.0,83734.84,0.0,34255.66,0.0,78536.08,62630.41,105856.74,60001.65,16548.03,35431.6,140659.4,8790.94,49292.01,0.0,0.0,-28.34,75032.22,629.0,50023.0,15262.01,0.0,4954.89,3150.0,25143.16,80057.68,435207.0,221418.41,0.0,0.0,0.0,0.0,0.0,0.0,0.0,0.0,0.0,0.0,0.0,0.0,0.0,0.0,1656113.0,0.0,-4775.0,0.0,0.0,0.0,0.0,0.0,0.0,0.0,0.0,104679.0,0.0,0.0,0.0,0.0,360469.05,0.0,0.0,0.0,0.0,258288.83,0.0,0.0,0.0,0.0,0.0,419289.31,0.0,0.0,0.0,0.0,0.0,0.0,0.0,0.0,0.0,0.0,0.0,0.0,199468.57,103369.85,0.0,7457.79,291461.62,0.0
64709191996313,1359093.0,29901.0,134921.0,39378.0,0.0,0.0,0.0,239678.0,0.0,131275.0,8000.0,29459.0,166372.0,0.0,174900.0,0.0,0.0,0.0,35902.0,31091.0,46896.0,157021.0,182790.0,28499.0,4674.0,39433.0,93487.0,481519.0,109656.0,61862.0,0.0,0.0,0.0,0.0,0.0,90705.0,0.0,0.0,0.0,0.0,14479.0,0.0,0.0,0.0,2175109.0,0.0,0.0,0.0,0.0,0.0,0.0,0.0,0.0,139506.0,209778.0,0.0,0.0,0.0,0.0,1146157.0,0.0,0.0,0.0,0.0,2924251.0,0.0,0.0,14542.0,108226.0,0.0,3611093.0,0.0,109840.0,0.0,0.0,0.0,0.0,14542.0,0.0,0.0,0.0,191266.0,0.0,266435.0,0.0,472150.0,200473.0,256025.0,0.0
64881190106591,275611.47,0.0,67950.5,0.0,0.0,126891.48,0.0,0.0,0.0,0.0,0.0,36460.17,74970.68,1371.48,9184.38,0.0,0.0,0.0,49718.46,43813.21,73419.37,40546.15,5861.47,950.54,6345.0,7359.05,1005.83,104637.32,129572.57,7273.12,0.0,0.0,0.0,0.0,0.0,0.0,0.0,0.0,0.0,24338.49,0.0,0.0,0.0,0.0,335278.0,0.0,0.0,0.0,0.0,0.0,0.0,250000.0,0.0,0.0,49186.0,0.0,0.0,0.0,0.0,173601.79,0.0,0.0,0.0,0.0,32465.68,0.0,0.0,0.0,0.0,13412.11,34572.57,0.0,250000.0,0.0,0.0,0.0,0.0,0.0,0.0,0.0,0.0,0.0,0.0,-65092.99,0.0,0.0,146175.6,13497.6,0.0
65417210101055,507623.25,0.0,65250.0,18911.0,12277.0,33500.0,21750.0,20765.0,40239.0,39071.18,0.0,23393.27,30169.55,5223.02,15389.29,0.0,0.0,0.0,32472.81,2161.62,55749.89,0.0,1381.03,3754.12,2101.07,0.0,634.0,160919.73,357266.28,12465.95,0.0,0.0,0.0,0.0,0.0,94431.79,0.0,0.0,0.0,0.0,0.0,0.0,0.0,0.0,567025.0,0.0,0.0,0.0,0.0,0.0,0.0,20000.0,0.0,0.0,0.0,0.0,0.0,0.0,0.0,606025.26,0.0,0.0,0.0,0.0,112329.5,0.0,0.0,62.0,12663.58,168157.23,586571.28,102703.0,250000.0,0.0,175483.86,0.0,0.0,62.0,0.0,0.0,0.0,0.0,0.0,-215582.57,32584.0,-151864.0,282247.2,113821.08,0.0
65557236116669,187718.22,0.0,0.0,0.0,43039.74,0.0,45652.99,48188.82,0.0,0.0,0.0,24831.88,6544.0,8018.73,0.0,0.0,0.0,5545.85,5998.95,1263.11,21282.77,5449.86,0.0,2043.44,500.0,10788.85,14769.18,7868.19,58115.9,5132.36,0.0,0.0,0.0,0.0,0.0,7271.55,0.0,0.0,0.0,0.0,4623.43,0.0,0.0,0.0,0.0,0.0,0.0,0.0,0.0,0.0,0.0,0.0,0.0,0.0,0.0,0.0,0.0,83200.94,0.0,112612.71,0.0,0.0,0.0,0.0,6129.39,0.0,0.0,3108.04,0.0,251838.9,50425.45,0.0,14863.76,0.0,144274.02,0.0,0.0,3108.04,7706.0,0.0,0.0,24000.0,0.0,212512.71,73618.51,163509.92,46122.93,46216.21,0.0
65615232330413,212056.21,0.0,31524.44,0.0,45631.57,7058.85,57254.01,46807.07,0.0,20095.54,14978.86,15515.76,74925.4,3041.17,11645.54,0.0,0.0,0.0,8712.55,5718.18,37390.5,10589.77,3315.34,2682.71,1915.5,3739.32,25550.13,30856.66,58037.37,6702.21,8615.34,5811.44,0.0,0.0,0.0,0.0,0.0,0.0,0.0,0.0,15216.81,95027.2,0.0,0.0,455626.0,476.0,0.0,0.0,0.0,0.0,0.0,0.0,0.0,0.0,66044.79,0.0,0.0,78518.6,0.0,0.0,2000.19,0.0,0.0,0.0,149486.65,0.0,0.0,8775.02,0.0,0.0,54186.54,0.0,0.0,0.0,0.0,2000.19,0.0,8775.02,0.0,0.0,0.0,0.0,0.0,173818.71,167896.13,0.0,93090.52,27818.93,0.0
65615232330439,188570.61,71.4,42525.0,0.0,575.0,5450.0,2113.13,35877.44,0.0,19071.36,2781.04,6719.14,18514.95,1977.76,13893.33,0.0,0.0,0.0,14275.56,426.4,17670.51,795.51,0.0,6990.46,318.75,2732.86,3587.43,38399.74,18899.07,5598.96,0.0,0.0,0.0,0.0,0.0,0.0,11797.46,0.0,0.0,0.0,0.0,0.0,0.0,0.0,316519.0,-9683.0,0.0,0.0,0.0,0.0,0.0,0.0,0.0,0.0,0.0,0.0,0.0,27214.24,0.0,410.0,1200.0,0.0,0.0,0.0,44415.09,0.0,0.0,1671.75,0.0,0.0,5786.74,0.0,0.0,0.0,0.0,1200.0,0.0,1671.75,0.0,0.0,0.0,0.0,0.0,66252.59,27572.38,-782.0,3234.84,14075.99,0.0
65615232330454,244049.39,0.0,60989.38,0.0,63784.77,19103.19,43423.62,53577.04,0.0,25055.1,16289.23,18267.55,85732.54,4404.16,14524.66,0.0,0.0,0.0,7801.85,7922.87,56001.91,22102.62,3453.9,920.7,1112.5,3739.32,32505.08,88777.18,58286.77,7671.32,17376.66,10198.22,0.0,0.0,0.0,0.0,0.0,0.0,0.0,0.0,0.0,0.0,0.0,0.0,516181.0,1003.0,0.0,0.0,0.0,0.0,0.0,0.0,0.0,0.0,57919.0,125000.0,0.0,90710.86,0.0,0.0,0.0,0.0,0.0,0.0,119328.38,0.0,0.0,8775.03,0.0,0.0,49857.79,0.0,0.0,0.0,0.0,0.0,0.0,8775.03,0.0,0.0,0.0,0.0,0.0,160181.45,56857.14,0.0,63584.61,33682.26,0.0
65615236117386,117340.0,0.0,0.0,0.0,61833.25,2387.01,25987.88,0.0,0.0,10853.18,5832.87,7567.07,28232.2,1349.1,7728.0,0.0,0.0,0.0,0.0,3307.5,5617.27,1504.07,0.0,2690.0,402.36,2079.28,5574.23,30982.72,11258.64,3340.73,0.0,0.0,0.0,0.0,0.0,0.0,18244.35,0.0,0.0,0.0,1132.75,11836.45,0.0,0.0,210559.0,277.0,0.0,0.0,0.0,0.0,0.0,0.0,0.0,0.0,17106.09,0.0,0.0,66914.97,0.0,11247.0,0.0,0.0,0.0,0.0,31064.78,0.0,0.0,0.0,0.0,0.0,1761.0,0.0,0.0,7913.45,0.0,0.0,0.0,0.0,0.0,0.0,0.0,0.0,0.0,99552.31,39692.53,0.0,30859.5,33887.1,0.0
65961276119663,204153.0,0.0,51205.0,0.0,14798.0,0.0,0.0,23867.0,0.0,18798.0,3420.0,8229.0,24038.0,1913.0,15028.0,0.0,0.0,50.0,3605.0,852.0,10015.0,1086.0,0.0,2365.0,1053.0,5124.0,5831.0,51855.0,65199.0,1856.0,0.0,0.0,0.0,0.0,0.0,0.0,0.0,0.0,0.0,0.0,0.0,0.0,0.0,0.0,333687.0,10102.0,0.0,0.0,0.0,0.0,0.0,105.0,0.0,0.0,0.0,0.0,0.0,259076.0,0.0,0.0,0.0,0.0,0.0,0.0,3816.0,0.0,0.0,0.0,0.0,0.0,24690.0,0.0,0.0,0.0,0.0,0.0,0.0,0.0,0.0,0.0,18900.0,0.0,0.0,219300.0,190194.0,0.0,34997.0,77648.0,0.0
66092272730240,202543.0,0.0,30982.0,0.0,40969.0,0.0,0.0,24299.0,4202.0,0.0,0.0,7928.0,47559.0,0.0,11569.0,0.0,0.0,22559.0,19414.0,23634.0,42505.56,14962.0,0.0,1899.0,531.0,8982.0,21466.0,67393.71,8403.0,3961.0,0.0,0.0,0.0,0.0,0.0,0.0,0.0,0.0,0.0,0.0,0.0,0.0,37000.0,0.0,392316.0,0.0,0.0,0.0,0.0,0.0,0.0,0.0,0.0,0.0,0.0,0.0,0.0,40181.0,0.0,138601.0,0.0,0.0,0.0,0.0,0.0,87437.0,0.0,892.0,58557.0,34140.29,-3749.0,57218.0,0.0,0.0,0.0,0.0,0.0,892.0,0.0,0.0,0.0,0.0,0.0,305447.73,0.0,274610.0,0.0,27474.0,0.0
66670303030723,4484071.0,0.0,682687.0,9736.0,0.0,0.0,248186.0,317001.0,410898.0,381634.0,74484.0,214152.0,596532.0,43843.0,182757.0,0.0,0.0,34235.0,0.0,0.0,131673.0,0.0,116627.0,1527.0,1257.0,83682.0,419090.0,582097.0,257158.0,67135.0,0.0,0.0,0.0,0.0,0.0,1151633.0,0.0,0.0,0.0,0.0,775543.0,0.0,0.0,0.0,4730169.0,-45824.0,0.0,0.0,0.0,0.0,0.0,31093.0,0.0,15770.0,0.0,0.0,0.0,118835.0,0.0,405810.0,0.0,0.0,0.0,0.0,1909038.0,-7133.0,0.0,91319.0,0.0,17313033.0,1735333.0,0.0,220787.0,1089789.0,20576931.0,0.0,0.0,91319.0,0.0,0.0,0.0,0.0,0.0,-3883257.0,-3870770.36,125228.36,3539626.0,442546.0,292035.0
66670303030780,1191903.0,67791.0,227025.0,39805.0,208870.0,37049.0,244053.0,52829.0,34525.0,124361.0,45231.0,475181.0,0.0,24417.0,68249.0,0.0,0.0,83580.0,0.0,619424.0,32971.0,67689.0,0.0,151013.0,2449.0,32104.0,218422.0,1828659.0,2090319.0,94887.0,0.0,0.0,0.0,0.0,0.0,0.0,0.0,0.0,0.0,0.0,0.0,0.0,81479.0,0.0,3094332.0,0.0,0.0,0.0,0.0,0.0,0.0,72633.0,0.0,0.0,1105165.0,15025.0,0.0,453244.0,0.0,362409.0,0.0,0.0,0.0,0.0,0.0,0.0,0.0,456634.0,0.0,305264.0,346553.0,0.0,0.0,0.0,0.0,0.0,0.0,456634.0,0.0,0.0,0.0,0.0,0.0,774364.0,1653591.0,349996.0,552244.0,191996.0,0.0
66951313130168,5233185.67,561467.45,713311.8,315289.01,183885.97,0.0,409950.85,1516637.93,0.0,566357.97,192309.27,268174.16,928404.44,72782.63,268577.96,0.0,0.0,5101.6,127204.27,27947.08,2187617.16,0.0,0.0,99008.24,36590.93,52986.0,73859.21,855364.3,725166.62,220679.77,0.0,0.0,0.0,0.0,0.0,41751.33,0.0,0.0,0.0,0.0,0.0,0.0,0.0,0.0,5643390.0,-442733.0,0.0,0.0,0.0,0.0,0.0,861.25,204207.0,0.0,0.0,0.0,0.0,1822235.43,0.0,7714.97,10000.0,0.0,0.0,0.0,1411396.34,0.0,260836.16,0.0,0.0,9294.67,497343.77,0.0,0.0,0.0,45459.12,10000.0,260836.16,0.0,0.0,0.0,234096.35,724927.31,1748814.86,0.0,2241943.51,86526.0,578092.3,408587.25,0.0
66969323230083,422180.64,0.0,39811.92,0.0,48459.65,21696.54,44055.96,0.0,1424.13,37407.66,11366.16,14252.56,116134.04,3680.25,22491.32,0.0,0.0,0.0,0.0,8045.26,66225.16,750.75,0.0,27959.07,5902.5,5461.0,4591.14,43664.27,81175.23,17201.18,0.0,0.0,0.0,0.0,0.0,0.0,0.0,0.0,0.0,0.0,0.0,0.0,0.0,0.0,61900.0,-4887.0,0.0,0.0,0.0,0.0,0.0,20786.08,0.0,0.0,0.0,0.0,0.0,28415.5,0.0,0.0,0.0,0.0,0.0,0.0,222189.55,0.0,0.0,9822.65,0.0,0.0,107831.28,0.0,0.0,0.0,0.0,0.0,0.0,9822.65,0.0,0.0,0.0,0.0,0.0,142773.77,200551.14,-92528.73,4378.24,31291.62,0.0
67215330106526,18610.7,0.0,0.0,0.0,0.0,14655.04,0.0,0.0,0.0,1535.38,0.0,1390.99,0.0,1142.2,4537.22,0.0,0.0,261.07,0.0,0.0,656.9,0.0,67.97,734.79,0.0,5181.25,0.0,0.0,511917.69,77.04,0.0,0.0,0.0,0.0,0.0,0.0,0.0,0.0,0.0,0.0,0.0,0.0,0.0,0.0,247360.0,0.0,0.0,0.0,0.0,0.0,0.0,0.0,0.0,0.0,0.0,0.0,0.0,0.0,0.0,103168.81,0.0,0.0,0.0,0.0,7887.04,0.0,0.0,0.0,0.0,0.0,301171.06,0.0,0.0,0.0,0.0,0.0,0.0,0.0,0.0,0.0,0.0,0.0,0.0,-190115.21,0.0,0.0,17006.03,7287.0,0.0
67215336119788,450665.0,0.0,0.0,0.0,0.0,0.0,84161.0,41464.0,51089.0,36910.0,0.0,20099.0,26753.0,2234.0,14000.0,0.0,0.0,0.0,29225.0,4236.0,32949.0,9831.0,22735.0,7034.0,1239.0,8544.0,15431.0,169799.0,173988.0,10292.0,0.0,0.0,0.0,0.0,0.0,4102.0,0.0,0.0,0.0,0.0,34439.0,0.0,0.0,0.0,745821.0,3194.0,0.0,0.0,0.0,0.0,0.0,10726.0,0.0,0.0,49046.0,0.0,0.0,0.0,0.0,40815.0,0.0,0.0,0.0,0.0,1186.0,96141.0,0.0,15223.0,1000.0,56748.0,123057.0,42624.0,94871.0,0.0,62500.0,0.0,0.0,15223.0,0.0,0.0,0.0,0.0,0.0,-127162.0,-236118.0,0.0,31306.0,157252.0,114377.0
67249336114748,401255.69,0.0,84275.04,8340.0,47762.99,17420.18,43334.98,63455.86,0.0,35715.79,0.0,28375.74,66920.46,0.0,23059.0,0.0,0.0,0.0,13699.51,0.0,32277.69,15209.75,0.0,41877.53,600.0,9402.0,20045.43,127678.69,166096.93,7951.36,43938.8,0.0,0.0,0.0,0.0,0.0,0.0,0.0,0.0,0.0,0.0,0.0,193025.91,0.0,916627.0,0.0,0.0,0.0,0.0,0.0,0.0,0.0,0.0,0.0,0.0,37978.0,0.0,0.0,0.0,390338.99,0.0,0.0,0.0,0.0,123507.13,0.0,0.0,0.0,0.0,0.0,13656.14,0.0,0.0,0.0,0.0,0.0,0.0,0.0,0.0,0.0,0.0,0.0,0.0,500189.98,563705.2,-8874.2,18989.88,107925.43,133342.0
67439340101048,593887.0,0.0,98750.08,0.0,0.0,52397.42,0.0,49419.92,1730.0,56832.13,0.0,18200.91,97784.66,7554.9,30528.81,0.0,0.0,18000.31,58254.69,7553.63,85609.97,6924.97,0.0,12043.23,203.67,0.0,28399.22,26387.33,166796.09,9244.7,0.0,0.0,0.0,0.0,0.0,18740.75,0.0,0.0,0.0,0.0,0.0,0.0,0.0,3834.0,725338.01,0.0,0.0,0.0,0.0,0.0,0.0,0.0,0.0,0.0,257318.0,0.0,0.0,0.0,0.0,105430.0,0.0,0.0,0.0,0.0,282301.0,565.0,0.0,0.0,0.0,54431.0,141154.91,7424.0,0.0,0.0,17403.0,0.0,0.0,0.0,0.0,0.0,0.0,36458.6,0.0,240286.49,160764.12,2237.88,73492.8,152122.68,0.0
67439340101295,201850.0,0.0,0.0,0.0,62902.0,0.0,109000.0,0.0,0.0,0.0,0.0,27851.0,32773.0,2430.0,18568.0,0.0,0.0,0.0,17026.0,1347.0,29060.0,10349.0,44999.0,5864.0,538.0,8032.0,14305.0,87973.0,75452.0,7908.0,0.0,0.0,0.0,0.0,0.0,1910.0,33056.0,0.0,0.0,0.0,4068.0,0.0,0.0,0.0,332859.0,-3537.0,0.0,0.0,0.0,0.0,0.0,0.0,0.0,0.0,103170.0,0.0,0.0,0.0,0.0,772.0,0.0,0.0,275.0,0.0,193.0,165560.0,0.0,12179.0,0.0,6262.0,128850.0,584.0,0.0,0.0,101726.0,0.0,0.0,12179.0,0.0,0.0,0.0,0.0,0.0,-58098.0,30044.0,-41.0,37585.0,107987.0,0.0
67439340101550,721587.83,0.0,129872.68,0.0,0.0,34019.0,102131.27,79672.16,22227.86,72793.7,13168.88,14767.28,145810.8,6995.59,29418.23,55261.73,0.0,591.47,13038.0,0.0,31375.0,14045.0,0.0,54.0,0.0,20880.0,117049.0,396893.0,22512.0,8177.0,0.0,0.0,0.0,0.0,0.0,0.0,0.0,0.0,0.0,247696.0,0.0,0.0,0.0,0.0,1609622.0,0.0,0.0,321101.0,105255.0,0.0,0.0,0.0,0.0,0.0,0.0,0.0,0.0,0.0,0.0,188317.0,0.0,0.0,0.0,0.0,283000.0,35239.0,0.0,0.0,0.0,0.0,0.0,291932.0,0.0,0.0,0.0,0.0,0.0,0.0,0.0,61825.34,0.0,0.0,0.0,152799.18,0.0,12169.0,71326.0,283000.0,0.0
67439340102038,3365282.58,268759.1,789110.53,1325.0,0.0,181741.32,410610.47,228763.11,678490.12,361566.54,0.0,122071.33,606569.67,45092.82,190840.98,0.0,0.0,447619.78,171688.1,15629.81,477738.73,93057.15,276397.34,39854.86,11698.81,81089.0,362691.58,129151.84,2128075.92,120170.61,0.0,0.0,0.0,0.0,0.0,97971.92,0.0,0.0,0.0,0.0,0.0,0.0,0.0,49914.0,6251343.99,0.0,0.0,0.0,0.0,0.0,0.0,0.0,0.0,232624.46,420384.36,0.0,0.0,0.0,0.0,484434.0,0.0,0.0,0.0,0.0,2110538.0,387274.0,0.0,80991.0,135000.0,500796.0,1001221.0,441629.0,0.0,0.0,0.0,0.0,0.0,80991.0,0.0,0.0,0.0,371439.0,0.0,1803753.51,1650169.1,2154623.9,678267.0,192510.71,0.0
67439340102343,365159.29,0.0,48342.06,0.0,0.0,0.0,122.61,40569.35,43253.81,32060.61,6046.07,11993.12,50969.64,7511.16,19025.59,0.0,0.0,2988.0,0.0,111782.68,38539.5,12958.26,49446.37,4890.13,2072.77,5382.76,8687.89,85476.35,87565.15,5014.39,0.0,0.0,0.0,0.0,0.0,51020.09,0.0,0.0,0.0,0.0,0.0,0.0,0.0,0.0,534087.0,-6832.0,0.0,0.0,0.0,0.0,0.0,206706.38,0.0,34479.93,0.0,0.0,0.0,0.0,0.0,-307225.88,0.0,0.0,0.0,0.0,204462.29,0.0,0.0,5833.0,6667.0,213783.89,54643.72,0.0,0.0,2564.1,0.0,0.0,0.0,5833.0,0.0,0.0,0.0,0.0,0.0,60479.46,22465.35,136334.65,31279.66,100499.47,0.0
67439340106898,661529.86,0.0,69113.64,12583.5,0.0,0.0,0.0,48032.16,27033.03,59112.1,957.88,23428.55,65062.68,5722.7,37128.03,0.0,0.0,0.0,52735.41,9320.74,47986.6,34659.55,619.14,10208.41,2665.0,17713.0,35680.69,37178.31,201562.33,4620.79,0.0,0.0,0.0,0.0,0.0,9684.96,0.0,0.0,0.0,0.0,0.0,0.0,0.0,0.0,797127.0,0.0,0.0,0.0,0.0,0.0,0.0,380000.0,0.0,0.0,102021.0,0.0,0.0,0.0,306308.1,0.0,0.0,0.0,0.0,0.0,333264.0,0.0,0.0,6844.97,0.0,32269.33,231765.85,0.0,0.0,0.0,0.0,0.0,0.0,6844.97,0.0,0.0,0.0,0.0,0.0,440075.58,0.0,0.0,11935.78,253892.83,0.0
67447343430691,1158631.78,0.0,185538.23,0.0,0.0,0.0,43299.97,192787.77,0.0,0.0,0.0,130366.38,136318.02,0.0,56959.08,0.0,0.0,12957.09,339971.17,0.0,136490.0,0.0,0.0,44715.06,7483.51,10257.79,31956.07,230154.18,176048.44,80462.07,0.0,0.0,0.0,0.0,0.0,170645.12,0.0,0.0,0.0,0.0,0.0,0.0,0.0,0.0,2026771.0,-69778.0,0.0,0.0,0.0,0.0,0.0,0.0,0.0,0.0,0.0,455937.0,0.0,474271.0,0.0,0.0,0.0,0.0,0.0,0.0,755618.0,0.0,0.0,0.0,12324.0,161305.0,248228.0,5000.0,0.0,0.0,1150290.0,0.0,0.0,0.0,0.0,0.0,0.0,0.0,0.0,1.72,0.0,-289826.0,687.14,106873.31,0.0
67686360100271,282674.44,0.0,122899.03,130422.73,92615.89,0.0,0.0,109671.76,0.0,32943.23,37214.22,30666.73,63225.07,1217.68,22468.18,0.0,0.0,9170.98,0.0,2425.59,4307.77,44188.83,4444.0,10174.22,1437.5,21308.79,32226.0,127382.68,368975.07,31611.05,0.0,0.0,0.0,0.0,0.0,0.0,0.0,0.0,0.0,0.0,0.0,0.0,0.0,0.0,1212988.0,0.0,0.0,0.0,0.0,0.0,0.0,180000.0,0.0,0.0,0.0,0.0,0.0,0.0,0.0,3653.62,0.0,0.0,0.0,0.0,227420.02,0.0,0.0,15809.0,0.0,0.0,131132.92,0.0,0.0,27418.27,55999.68,0.0,0.0,15809.0,0.0,0.0,0.0,0.0,0.0,16522.77,120357.06,-179763.06,12150.0,108456.21,0.0
67843363630928,444136.03,29545.45,57791.65,0.0,84217.33,0.0,0.0,4905.36,1500.0,43364.28,3846.98,13324.06,30872.5,4369.55,27033.0,0.0,0.0,0.0,16760.24,3523.48,21835.18,15919.41,0.0,0.0,3026.43,13629.0,35146.82,90526.78,54509.54,7747.19,0.0,0.0,0.0,0.0,0.0,0.0,0.0,0.0,0.0,0.0,0.0,0.0,0.0,0.0,667778.0,33.0,0.0,0.0,0.0,0.0,0.0,1694.0,0.0,0.0,0.0,47893.5,0.0,0.0,0.0,167101.81,0.0,0.0,0.0,0.0,121724.48,0.0,0.0,5000.0,3600.0,0.0,280349.05,0.0,0.0,0.0,0.0,0.0,0.0,5000.0,0.0,7034.04,5043.2,0.0,0.0,0.0,31314.56,0.0,73231.36,10646.08,0.0
67876360107730,913023.3,0.0,92618.0,0.0,87870.75,0.0,0.0,92506.11,0.0,0.0,0.0,86416.63,88812.05,14879.89,10138.67,0.0,0.0,189.21,263797.92,129504.99,5147.57,109436.0,0.0,16755.22,5441.87,8511.76,42663.57,59099.34,238463.11,9447.16,0.0,0.0,0.0,0.0,0.0,0.0,0.0,0.0,0.0,0.0,2526.12,0.0,350000.0,0.0,1892467.0,0.0,0.0,0.0,0.0,0.0,0.0,0.0,0.0,0.0,0.0,350000.0,0.0,0.0,0.0,509449.37,0.0,0.0,0.0,0.0,2172.31,436414.25,0.0,0.0,0.0,0.0,860924.17,28590.0,0.0,0.0,0.0,0.0,0.0,0.0,0.0,0.0,0.0,0.0,0.0,58521.76,0.0,0.0,0.0,0.0,198256.0
67876363630993,320472.36,0.0,59492.0,0.0,0.0,24177.0,41085.0,81647.0,0.0,9520.0,3804.0,34211.0,44287.0,27327.0,46678.5,0.0,0.0,18923.0,60000.0,37282.0,10290.0,0.0,2570.58,2031.49,556.41,17505.0,21767.0,43641.0,133585.25,10696.0,295.0,10000.0,0.0,17046.0,6000.0,0.0,0.0,0.0,0.0,0.0,6299.0,45600.0,0.0,0.0,940758.0,20405.0,0.0,0.0,0.0,0.0,0.0,0.0,0.0,0.0,30656.0,0.0,0.0,0.0,0.0,137812.0,0.0,0.0,0.0,0.0,81759.26,0.0,0.0,0.0,0.0,0.0,0.0,0.0,45600.0,0.0,0.0,0.0,0.0,0.0,0.0,52212.0,0.0,40000.0,0.0,81759.26,71453.0,0.0,0.0,17462.97,93095.88
67934363630670,1808357.38,0.0,314511.36,0.0,0.0,0.0,124730.72,346672.73,0.0,0.0,0.0,216103.93,178349.93,0.0,90761.67,0.0,0.0,14582.69,733456.69,0.0,183409.32,0.0,0.0,53685.06,18298.43,17656.63,57020.23,282759.77,469332.44,80629.95,14605.56,0.0,0.0,0.0,0.0,0.0,0.0,0.0,0.0,0.0,0.0,0.0,0.0,0.0,3971598.0,105593.0,0.0,0.0,0.0,0.0,0.0,0.0,0.0,0.0,0.0,0.0,0.0,0.0,0.0,1226158.35,0.0,0.0,0.0,0.0,522519.85,0.0,0.0,0.0,252215.89,0.0,317566.56,447122.6,0.0,0.0,0.0,0.0,0.0,0.0,0.0,0.0,0.0,0.0,0.0,1236204.93,1151040.0,-62790.0,0.0,160038.42,0.0
67934363630761,2797841.0,0.0,353288.0,0.0,173610.0,129504.0,256756.0,722147.0,123473.0,250828.0,166044.0,167189.0,896179.0,14287.0,190600.0,0.0,0.0,0.0,255578.0,26031.0,547726.0,58403.0,0.0,150317.0,36085.0,124221.0,62043.0,225339.0,306802.0,83120.0,0.0,0.0,0.0,6916.0,0.0,0.0,0.0,0.0,0.0,0.0,3050.0,0.0,0.0,0.0,6447612.0,4761.0,0.0,0.0,0.0,0.0,0.0,35884.0,408088.0,0.0,159339.0,0.0,0.0,0.0,0.0,2169505.0,550.0,0.0,0.0,0.0,605909.0,0.0,0.0,50571.0,0.0,0.0,314943.0,0.0,0.0,0.0,0.0,550.0,0.0,50571.0,0.0,500000.0,0.0,388335.0,1045000.0,527136.0,1955711.08,167091.92,47931.0,163010.0,0.0
68049376119564,1573435.1,0.0,268482.53,0.0,0.0,0.0,132940.72,0.0,0.0,0.0,0.0,150528.74,120464.07,22218.29,73878.32,0.0,0.0,2498.24,48640.75,81947.82,145389.86,8598.2,4543.62,48957.91,9390.0,19608.72,8699.41,65783.41,699132.16,37721.18,0.0,0.0,0.0,0.0,0.0,33370.64,0.0,0.0,0.0,0.0,2872.24,0.0,0.0,0.0,2533720.0,0.0,0.0,0.0,0.0,0.0,0.0,180000.0,0.0,0.0,0.0,0.0,0.0,0.0,0.0,2550.0,0.0,0.0,0.0,0.0,781466.45,0.0,0.0,52130.28,5080.0,153088.4,216075.0,0.0,491061.05,50936.0,0.0,0.0,0.0,52130.28,0.0,0.0,0.0,0.0,0.0,184112.8,109668.26,-35033.1,8841.35,430359.5,0.0
68098370101535,446138.53,0.0,0.0,0.0,16364.09,51383.34,52850.04,43789.5,973.68,41100.48,0.0,21684.79,0.0,4474.87,18191.12,0.0,0.0,91425.41,28754.24,25711.4,45468.31,25866.25,0.0,391.66,1739.0,13746.0,49490.7,360739.67,56774.21,22841.0,5447.0,1924.89,0.0,0.0,0.0,0.0,0.0,0.0,0.0,0.0,0.0,0.0,0.0,0.0,796721.81,0.0,0.0,0.0,0.0,0.0,0.0,0.0,0.0,0.0,96443.58,0.0,0.0,144090.02,0.0,0.0,5000.0,0.0,0.0,0.0,261523.19,0.0,0.0,1511.08,0.0,0.0,123982.63,0.0,0.0,0.0,0.0,5000.0,0.0,1511.08,0.0,0.0,5921.89,60000.0,54754.0,160954.69,87766.28,0.0,3733.51,278181.35,0.0
68098376116776,1337554.42,0.0,88500.16,0.0,251881.35,0.0,111513.42,0.0,6000.0,112649.24,38227.24,0.0,230643.31,0.0,55724.57,0.0,0.0,0.0,151633.72,0.0,13780.1,17546.05,0.0,19978.03,14300.2,22506.0,814504.59,64492.64,101943.3,0.0,0.0,0.0,0.0,0.0,0.0,0.0,0.0,0.0,0.0,0.0,0.0,0.0,0.0,2112395.0,0.0,0.0,0.0,0.0,0.0,0.0,0.0,0.0,0.0,0.0,0.0,0.0,0.0,4221.97,0.0,68896.19,0.0,0.0,0.0,0.0,310259.83,0.0,0.0,0.0,7750.0,1758451.17,200496.76,0.0,1303712.06,0.0,0.0,0.0,0.0,0.0,0.0,0.0,0.0,0.0,0.0,645370.34,454847.51,0.0,264038.83,86724.36,0.0
68106373731023,1896894.13,0.0,318932.84,0.0,163308.08,274456.64,41697.0,294251.8,0.0,201003.7,76991.06,100876.19,0.0,21883.72,69296.87,0.0,0.0,377486.79,0.0,1038.21,107963.82,274.74,0.0,10636.92,7500.15,35974.0,151359.11,449996.59,162829.15,45321.93,70025.0,0.0,0.0,0.0,0.0,169319.88,0.0,0.0,0.0,0.0,857085.56,0.0,0.0,0.0,2999199.0,0.0,0.0,0.0,0.0,0.0,0.0,0.0,0.0,0.0,0.0,0.0,0.0,280414.23,0.0,0.0,10000.0,0.0,0.0,0.0,1145117.8,0.0,0.0,17497.62,16573.0,152727.0,104170.41,0.0,589672.98,0.0,0.0,10000.0,0.0,17497.62,0.0,0.0,124868.62,300000.0,53538.0,422582.02,150831.0,0.0,524774.59,577593.55,0.0
68171373731254,5527226.23,2153208.11,134890.04,0.0,376837.71,1500840.49,67500.0,0.0,0.0,590267.2,158586.12,291356.67,1112313.92,74389.78,244861.65,0.0,0.0,39000.0,0.0,0.0,1652703.37,78666.8,0.0,262259.0,9052.33,43558.25,204524.06,949049.0,1703503.41,226307.06,0.0,0.0,0.0,0.0,0.0,48213.75,0.0,0.0,0.0,0.0,0.0,0.0,0.0,0.0,14076718.0,0.0,0.0,0.0,0.0,0.0,0.0,32150.0,0.0,0.0,0.0,0.0,0.0,46221.58,0.0,764726.01,7842.52,0.0,0.0,598.87,3794406.57,0.0,0.0,367768.15,187198.02,323706.85,515564.61,0.0,4355000.0,0.0,0.0,7842.52,0.0,367768.15,0.0,0.0,0.0,621903.96,0.0,-375610.67,825699.54,0.0,885848.69,443720.68,0.0
68304373731544,235389.11,0.0,0.0,0.0,0.0,0.0,55000.96,29622.7,0.0,20433.72,2049.7,6772.63,11735.23,1227.95,7439.44,0.0,0.0,0.0,8166.7,981.0,22543.16,4201.39,9166.27,900.0,1184.61,4389.0,25009.96,126653.26,40618.64,6693.67,0.0,0.0,0.0,0.0,0.0,0.0,0.0,0.0,6000.0,0.0,6147.84,0.0,0.0,0.0,202987.0,17675.95,0.0,1385.0,0.0,0.0,0.0,0.0,0.0,0.0,0.0,0.0,0.0,0.0,4202.31,4322.28,0.0,0.0,300.0,0.0,-13501.0,0.0,0.0,0.0,0.0,44535.0,-17684.78,13014.0,253496.52,0.0,0.0,0.0,0.0,0.0,0.0,0.0,0.0,0.0,0.0,-208967.15,-226971.76,2983.05,247246.46,10669.09,0.0
68338370101204,843415.0,0.0,179884.0,0.0,0.0,0.0,0.0,67344.0,29324.0,63954.0,0.0,34189.0,118413.0,6701.0,39981.0,0.0,0.0,7340.0,1656.0,4626.0,62508.0,0.0,2133.0,33981.0,5369.0,22335.0,71853.0,426719.0,151424.0,0.0,0.0,0.0,0.0,11835.0,0.0,0.0,0.0,0.0,0.0,19172.0,0.0,0.0,0.0,0.0,604625.0,6267.0,0.0,0.0,0.0,0.0,0.0,161532.0,0.0,0.0,1346.0,0.0,0.0,130450.0,0.0,-1097.0,0.0,0.0,0.0,0.0,242326.0,239098.0,0.0,2440.0,0.0,0.0,330037.0,0.0,0.0,46819.0,0.0,0.0,0.0,2440.0,0.0,0.0,0.0,0.0,0.0,233921.0,-1243.0,0.0,235863.0,75034.0,0.0
68338370101345,321902.0,0.0,65707.0,0.0,0.0,0.0,0.0,38709.0,24750.0,0.0,0.0,35967.0,32325.0,0.0,0.0,9647.0,0.0,0.0,54130.0,42195.0,40983.0,29613.0,2001.0,221.0,0.0,29315.0,13484.0,266581.0,35912.0,1227.0,0.0,0.0,0.0,0.0,0.0,0.0,0.0,0.0,0.0,0.0,2650.0,0.0,0.0,0.0,185316.0,25021.0,0.0,0.0,0.0,0.0,0.0,13497.0,0.0,0.0,288659.0,0.0,0.0,516266.0,0.0,133601.0,0.0,0.0,0.0,0.0,0.0,0.0,0.0,0.0,0.0,1992.0,63788.0,0.0,245635.0,0.0,0.0,0.0,0.0,0.0,0.0,0.0,0.0,0.0,0.0,342436.0,301383.76,-24450.76,77650.0,61966.0,0.0
68338370106658,146462.5,0.0,37916.73,5156.25,0.0,0.0,0.0,0.0,0.0,15211.29,0.0,3067.95,22121.82,2629.72,3691.27,0.0,0.0,0.0,1560.84,104996.02,38477.62,3585.91,885.65,6734.61,255.0,4295.0,490.0,17153.89,119062.08,10356.88,0.0,0.0,0.0,0.0,0.0,0.0,0.0,0.0,0.0,0.0,0.0,0.0,0.0,0.0,123691.0,0.0,0.0,0.0,0.0,0.0,0.0,67500.0,0.0,0.0,15309.0,0.0,0.0,84209.7,0.0,14561.86,0.0,0.0,0.0,0.0,1365.08,92901.8,0.0,0.0,0.0,0.0,184134.77,25301.0,0.0,0.0,0.0,0.0,0.0,0.0,0.0,0.0,0.0,0.0,0.0,-16397.33,0.0,0.0,6548.9,10769.8,0.0
68338370106732,478483.0,0.0,139882.0,0.0,0.0,0.0,0.0,52927.0,24233.0,45087.0,0.0,18319.0,72383.0,4394.0,24642.0,0.0,0.0,14755.0,6320.0,3972.0,30019.0,0.0,1438.0,26514.0,1797.0,19543.0,55609.0,293511.0,90139.0,0.0,0.0,0.0,0.0,19183.0,0.0,0.0,0.0,10972.0,0.0,0.0,0.0,0.0,0.0,0.0,440640.0,0.0,0.0,0.0,0.0,0.0,0.0,92072.0,0.0,0.0,3519.0,0.0,0.0,24866.0,0.0,-1907.0,300.0,0.0,0.0,0.0,941914.0,63788.0,0.0,2440.0,0.0,0.0,280128.0,0.0,0.0,679772.0,0.0,300.0,0.0,2440.0,0.0,0.0,0.0,0.0,0.0,68761.0,-19620.0,0.0,302339.0,33793.0,0.0
68338370106799,765232.36,0.0,0.0,0.0,0.0,0.0,0.0,182981.93,0.0,60192.21,15929.62,26702.59,77917.21,5839.16,31417.88,0.0,6465.66,0.0,0.0,0.0,233003.91,75337.51,0.0,7932.37,4581.0,0.0,13636.95,150608.41,198308.24,21573.98,0.0,0.0,0.0,0.0,0.0,0.0,0.0,0.0,0.0,0.0,8000.0,200000.0,0.0,0.0,586702.0,0.0,0.0,0.0,0.0,0.0,0.0,0.0,0.0,0.0,0.0,0.0,0.0,55522.79,0.0,0.0,0.0,0.0,0.0,0.0,393758.83,0.0,0.0,0.0,0.0,0.0,222863.26,0.0,0.0,0.0,0.0,0.0,0.0,0.0,0.0,0.0,0.0,105099.53,0.0,121318.83,0.0,0.0,206054.03,250000.0,0.0
68338373730959,2318745.36,163205.99,360223.84,115260.2,285058.38,64770.72,281015.23,345446.78,64397.44,238999.79,71813.09,119708.61,1196482.72,26510.61,104999.48,0.0,0.0,0.0,136027.51,12210.77,122599.64,38932.09,0.0,33167.68,10285.0,34185.7,89307.82,414674.66,212825.93,34165.62,0.0,0.0,0.0,0.0,0.0,12572.22,0.0,0.0,102829.92,675864.74,0.0,0.0,0.0,0.0,3622057.0,26258.0,0.0,0.0,0.0,0.0,0.0,21743.96,0.0,0.0,414875.49,0.0,0.0,2024914.2,0.0,523192.46,20004.25,900000.0,0.0,648496.09,431828.63,802986.99,0.0,0.0,0.0,4580239.5,636623.01,0.0,0.0,0.0,0.0,20004.25,0.0,0.0,975034.86,500000.0,0.0,800000.0,7000000.0,0.0,8792692.54,-30608.52,186902.23,184545.95,0.0
68338373731189,2161240.7,307563.0,157358.0,0.0,0.0,100447.0,105537.0,295554.44,0.0,17863.0,0.0,194286.36,400705.83,9912.08,31711.34,1738.46,0.0,91691.59,128678.0,13974.0,108277.06,0.0,0.0,5368.27,4979.0,0.0,202777.0,0.0,477878.97,21525.8,0.0,0.0,0.0,75715.0,0.0,0.0,0.0,0.0,0.0,0.0,0.0,0.0,0.0,0.0,0.0,1452186.0,14596.0,0.0,0.0,0.0,0.0,0.0,0.0,0.0,474035.0,0.0,0.0,9584054.58,0.0,1069045.19,100.0,0.0,0.0,0.0,435967.26,0.0,0.0,0.0,0.0,0.0,8223104.95,0.0,0.0,0.0,0.0,100.0,0.0,0.0,0.0,0.0,0.0,0.0,0.0,2865962.08,3769512.88,-3590139.89,2643682.8,335402.19,0.0
68338373731247,1211071.0,0.0,237062.0,0.0,0.0,0.0,0.0,50772.0,44869.0,96612.0,0.0,41379.0,108532.0,10000.0,55205.0,0.0,0.0,7738.0,0.0,4500.0,62511.0,0.0,2588.0,59496.0,6622.0,26523.0,105258.0,320328.0,294058.0,0.0,0.0,0.0,0.0,44413.0,0.0,0.0,0.0,0.0,0.0,28504.0,0.0,0.0,0.0,0.0,1037551.0,21791.0,0.0,0.0,0.0,0.0,0.0,209354.0,0.0,0.0,24792.0,0.0,0.0,149027.0,0.0,7444.0,0.0,0.0,0.0,0.0,34925.0,437214.0,0.0,0.0,0.0,0.0,271600.0,0.0,50000.0,42014.0,0.0,0.0,0.0,0.0,0.0,0.0,0.0,0.0,0.0,264996.0,40572.0,0.0,82399.0,110515.0,0.0
68338373731320,510677.0,0.0,0.0,0.0,0.0,0.0,0.0,40435.0,0.0,125458.0,0.0,0.0,0.0,0.0,0.0,0.0,0.0,0.0,42621.0,0.0,0.0,0.0,0.0,0.0,0.0,0.0,0.0,222348.0,106997.0,0.0,2152.0,0.0,0.0,0.0,0.0,15178.0,70917.0,0.0,0.0,77229.0,5114.0,0.0,0.0,409188.0,0.0,0.0,0.0,0.0,0.0,0.0,0.0,5226.0,0.0,0.0,0.0,0.0,0.0,226275.0,0.0,0.0,0.0,0.0,0.0,0.0,73850.0,0.0,0.0,0.0,0.0,16609.0,63259.0,0.0,0.0,0.0,187639.0,0.0,0.0,0.0,0.0,0.0,0.0,0.0,0.0,65837.0,175060.21,-83132.21,83553.0,90114.0,0.0
68338373731395,267746.95,60061.93,227.0,0.0,34646.66,0.0,0.0,5053.56,0.0,23177.74,3754.58,10076.27,81051.08,1923.02,9667.42,0.0,0.0,0.0,3649.86,0.0,4563.37,6539.71,0.0,3074.86,1203.0,1809.22,0.0,50894.19,42847.25,3451.83,0.0,0.0,0.0,0.0,0.0,0.0,0.0,0.0,24584.95,85710.72,0.0,0.0,0.0,0.0,407788.0,4147.07,0.0,0.0,0.0,0.0,0.0,0.0,0.0,0.0,24240.0,0.0,0.0,336781.64,0.0,86926.51,0.0,25000.0,0.0,0.0,3051.93,175433.72,0.0,0.0,0.0,0.0,118994.88,0.0,0.0,0.0,0.0,0.0,0.0,0.0,201089.49,57109.43,0.0,100000.0,150000.0,0.0,287159.24,-1502.06,7035.39,28616.45,0.0
68338376039457,1372577.05,4957.65,97655.19,1853.62,4463.04,132554.64,69662.03,103715.7,21963.57,117854.91,22666.61,49364.48,296229.97,11510.34,50410.88,0.0,5870.97,2425.0,13631.53,6499.69,40669.56,13994.64,556.61,6812.45,5145.0,15649.09,84312.45,7489.05,433802.43,9994.51,0.0,147.99,0.0,0.0,178.13,0.0,0.0,0.0,0.0,0.0,289.58,0.0,0.0,0.0,716192.0,15105.0,0.0,0.0,0.0,0.0,0.0,71602.0,0.0,0.0,216366.0,0.0,0.0,1350656.04,0.0,0.0,10000.0,0.0,0.0,499587.5,77680.76,214716.69,0.0,0.0,0.0,0.0,899266.4,23722.43,0.0,0.0,0.0,10000.0,0.0,0.0,0.0,0.0,0.0,0.0,0.0,1219652.16,861272.16,0.0,45639.92,452590.44,0.0
68338376040018,625973.23,27253.6,102796.53,4850.0,47320.0,7749.08,0.0,87832.29,0.0,54146.98,9936.02,25122.5,123401.05,6174.23,40004.03,3512.44,0.0,1333.58,30072.36,725.16,27446.86,1999.0,0.0,4986.48,864.0,0.0,35857.18,28160.39,360560.77,25598.61,0.0,5448.15,0.0,0.0,0.0,0.0,0.0,0.0,0.0,0.0,0.0,0.0,0.0,0.0,430684.0,9824.0,0.0,0.0,0.0,0.0,0.0,133655.08,0.0,0.0,0.0,0.0,0.0,438525.35,0.0,0.0,3000.0,0.0,0.0,0.0,49233.08,111240.37,0.0,150.0,0.0,0.0,417353.83,928.0,0.0,0.0,0.0,3000.0,0.0,150.0,0.0,0.0,0.0,0.0,0.0,180716.97,136566.89,0.0,16299.68,161438.84,0.0
68338376061956,3219764.3,386551.76,359557.8,180733.25,161491.56,303512.05,64023.02,650996.36,1000.0,359448.69,97911.61,146920.82,728621.4,32672.43,223762.75,19636.53,0.0,8105.65,68374.49,44242.2,267785.45,21380.61,0.0,56357.31,6979.0,0.0,213512.37,187632.72,1722233.92,18786.84,1517.21,0.0,0.0,39794.78,0.0,0.0,0.0,0.0,0.0,0.0,0.0,0.0,0.0,0.0,2528542.0,20582.0,0.0,0.0,0.0,0.0,0.0,1345.67,0.0,0.0,1125754.0,0.0,0.0,1903747.31,0.0,0.0,10000.0,0.0,0.0,0.0,2075085.22,719270.08,0.0,824.17,0.0,0.0,3259587.91,0.0,0.0,0.0,0.0,10000.0,0.0,824.17,0.0,0.0,0.0,0.0,0.0,1438514.7,1808257.5,-35490.0,94314.91,228105.67,0.0
68338376061964,3538197.46,107600.27,246820.05,188377.38,105792.34,215718.6,10586.75,519054.7,9632.43,314388.81,80904.04,131049.57,604905.49,31666.33,199652.52,16063.4,0.0,6419.18,44146.39,-22047.42,224019.26,105341.37,0.0,20086.7,3990.0,0.0,229480.38,76260.55,1509367.41,19617.35,0.0,0.0,0.0,0.0,0.0,0.0,0.0,0.0,0.0,0.0,0.0,21412.0,0.0,0.0,2283351.0,80936.0,0.0,0.0,0.0,0.0,0.0,30425.89,0.0,0.0,731284.74,0.0,0.0,4423687.23,0.0,0.0,10000.0,0.0,0.0,0.0,324277.69,648308.04,0.0,3718.81,0.0,0.0,3228861.6,0.0,0.0,171512.26,0.0,10000.0,0.0,3718.81,0.0,0.0,0.0,0.0,0.0,1995899.1,2351524.77,0.0,189895.28,208934.54,0.0
68338376113211,313713.82,0.0,0.0,0.0,0.0,104489.2,0.0,76378.27,0.0,32692.87,9651.31,13197.47,83404.72,3214.83,20277.87,1979.71,0.0,791.01,0.0,0.0,28421.59,0.0,0.0,0.0,0.0,0.0,0.0,32172.93,128504.83,529.9,1286.8,0.0,0.0,0.0,0.0,0.0,0.0,0.0,0.0,0.0,0.0,0.0,0.0,0.0,199948.0,10004.0,0.0,0.0,0.0,0.0,0.0,4377.96,0.0,0.0,75415.0,0.0,0.0,434183.76,0.0,0.0,7000.0,0.0,0.0,0.0,34068.89,53074.0,0.0,0.0,0.0,0.0,512334.04,0.0,0.0,0.0,0.0,7000.0,0.0,0.0,0.0,0.0,0.0,0.0,0.0,8992.61,-143225.91,0.0,9911.83,187025.86,0.0
68338376114961,839808.45,123182.9,0.0,0.0,102044.86,0.0,189417.3,0.0,0.0,79116.66,18185.28,36146.17,155335.96,8174.87,51397.01,4308.85,0.0,1672.16,72222.46,2714.12,100058.59,5863.37,0.0,7559.54,0.0,0.0,0.0,191116.32,309282.95,-78420.24,3020.0,0.0,0.0,53251.42,0.0,0.0,0.0,0.0,0.0,0.0,0.0,0.0,0.0,0.0,515021.0,9746.0,0.0,0.0,0.0,0.0,0.0,20925.73,0.0,0.0,141746.0,0.0,0.0,708247.04,0.0,0.0,10000.0,0.0,0.0,0.0,71954.65,133525.16,0.0,0.0,0.0,0.0,475622.83,0.0,0.0,0.0,0.0,10000.0,0.0,0.0,0.0,0.0,0.0,0.0,0.0,438104.02,372026.88,0.0,27273.61,340599.8,0.0
68338376115570,210219.04,0.0,0.0,0.0,34111.65,0.0,0.0,19827.13,0.0,17343.73,4129.52,7174.8,26083.08,1717.02,10650.15,859.04,0.0,316.64,102.75,0.0,7685.81,0.0,0.0,40.0,0.0,0.0,5568.0,45665.0,76712.84,525.61,0.0,0.0,0.0,0.0,0.0,0.0,0.0,0.0,0.0,0.0,0.0,0.0,0.0,0.0,107495.0,1330.0,0.0,0.0,0.0,0.0,0.0,1060.11,0.0,0.0,4898.0,0.0,0.0,121297.83,0.0,0.0,2000.0,0.0,0.0,0.0,12018.08,17264.03,0.0,0.0,0.0,0.0,108072.8,928.0,0.0,0.0,0.0,2000.0,0.0,0.0,0.0,0.0,0.0,0.0,0.0,41579.14,95399.48,0.0,4960.52,29917.84,0.0
68338376117279,262139.5,87780.62,0.0,0.0,73014.78,959.56,0.0,25727.46,0.0,27812.56,7921.71,13017.08,65636.33,2922.6,17121.89,1309.69,0.0,635.93,13224.37,0.0,70182.88,6963.38,0.0,0.0,0.0,943.68,0.0,157568.93,129477.39,9245.8,1100.0,13787.16,0.0,0.0,0.0,0.0,0.0,0.0,0.0,0.0,0.0,10707.0,0.0,0.0,209478.0,2531.0,0.0,0.0,0.0,0.0,0.0,3842.9,0.0,0.0,64824.0,0.0,0.0,371988.38,0.0,0.0,0.0,0.0,0.0,0.0,21576.48,47626.11,0.0,0.0,0.0,0.0,211217.04,0.0,0.0,0.0,0.0,0.0,0.0,0.0,0.0,0.0,0.0,0.0,0.0,229973.93,310079.16,0.0,11354.34,144929.83,0.0
68338376117683,748271.19,49324.3,84454.88,0.0,0.0,0.0,0.0,74260.45,0.0,57500.43,0.0,36521.77,76948.23,0.0,37114.85,0.0,0.0,0.0,5533.8,4373.13,25750.86,894.21,0.0,0.0,0.0,0.0,464223.0,123216.0,131902.0,0.0,0.0,0.0,0.0,0.0,0.0,17790.0,0.0,0.0,0.0,0.0,0.0,0.0,0.0,0.0,382060.0,0.0,0.0,0.0,0.0,0.0,0.0,5288.0,0.0,0.0,0.0,0.0,0.0,3050.15,0.0,485539.6,0.0,0.0,0.0,0.0,138554.0,0.0,0.0,0.0,20000.0,142419.0,143157.0,0.0,61771.0,0.0,26254.0,0.0,0.0,0.0,0.0,0.0,0.0,0.0,0.0,558380.9,645415.95,33095.05,283223.0,198836.0,0.0
68338376119168,728866.62,0.0,76666.6,0.0,66807.79,77867.44,0.0,62379.03,0.0,71236.49,3773.01,24827.73,121622.91,6497.81,41480.05,0.0,0.0,2429.68,6135.13,14976.25,62916.06,25700.68,4256.55,10672.9,903.0,10689.86,69811.76,253169.26,249919.51,0.0,0.0,0.0,0.0,0.0,0.0,65388.41,0.0,0.0,0.0,0.0,0.0,0.0,0.0,0.0,439218.05,6823.0,0.0,0.0,0.0,0.0,0.0,0.0,0.0,0.0,31415.0,0.0,0.0,221030.2,0.0,-33235.4,0.0,0.0,2204.54,0.0,5733.38,128334.17,0.0,30587.97,49421.51,323356.36,312725.7,0.0,0.0,0.0,0.0,0.0,0.0,30587.97,0.0,0.0,0.0,0.0,0.0,384119.06,335670.23,51521.92,284160.09,255594.27,0.0
68338376119598,842353.22,150228.6,0.0,0.0,88949.96,0.0,179756.71,0.0,945.0,114202.56,33296.82,36004.2,173886.32,22498.84,50114.27,0.0,0.0,14545.71,19770.36,9217.14,118522.26,13340.91,595.37,5317.07,1861.95,0.0,0.0,124328.19,231995.93,40938.58,8050.0,0.0,0.0,11075.0,0.0,0.0,0.0,0.0,0.0,0.0,0.0,3458.5,0.0,0.0,469395.0,5868.0,0.0,0.0,0.0,0.0,0.0,5499.33,0.0,0.0,272853.0,0.0,0.0,533148.16,0.0,356415.0,0.0,0.0,0.0,0.0,63750.0,0.0,0.0,0.0,0.0,0.0,445602.86,0.0,0.0,0.0,0.0,0.0,0.0,0.0,0.0,0.0,0.0,0.0,0.0,507710.3,784601.0,38908.0,13147.42,192513.89,0.0
68338376120935,478954.48,7281.22,78279.48,32709.67,1467.98,3230.77,29474.96,38935.66,4927.0,47255.79,0.0,16273.63,100115.57,4624.13,29057.21,3127.63,0.0,1003.29,7755.02,3000.0,79443.68,12710.19,0.0,22686.45,101.28,0.0,9226.4,90253.2,151536.53,1666.65,0.0,0.0,0.0,19122.29,0.0,0.0,0.0,0.0,0.0,0.0,1906.15,0.0,0.0,0.0,260130.0,2195.0,0.0,0.0,0.0,0.0,0.0,2053.97,0.0,0.0,120820.0,0.0,0.0,11789.39,0.0,0.0,5000.0,0.0,0.0,0.0,39094.05,101575.22,0.0,0.0,0.0,0.0,245056.91,0.0,0.0,0.0,0.0,5000.0,0.0,0.0,0.0,0.0,0.0,0.0,0.0,-92598.25,-20891.18,0.0,11343.73,156765.54,0.0
68338376120943,424707.26,0.0,51725.23,0.0,156.16,147199.9,0.0,0.0,0.0,39057.78,7417.18,18214.97,84289.4,3980.97,22925.5,2399.55,0.0,851.09,8959.97,0.0,35912.65,0.0,0.0,1651.35,585.0,1329.34,37808.0,165595.78,166520.68,9623.6,899.3,0.0,0.0,0.0,0.0,0.0,0.0,0.0,0.0,0.0,0.0,0.0,0.0,0.0,252208.0,3784.0,0.0,0.0,0.0,0.0,0.0,894.47,0.0,0.0,287114.0,0.0,0.0,203941.16,0.0,0.0,0.0,0.0,0.0,0.0,137646.93,26480.0,0.0,825.0,0.0,0.0,232104.83,0.0,0.0,0.0,0.0,0.0,0.0,825.0,0.0,0.0,0.0,0.0,0.0,135963.26,-41818.66,0.0,9263.23,210299.88,0.0
68403376120893,882140.0,0.0,3939.0,0.0,0.0,0.0,0.0,40498.0,0.0,72548.0,1433.0,14723.0,0.0,6577.0,23551.0,0.0,0.0,64012.0,717368.0,0.0,508066.0,0.0,0.0,25649.0,0.0,0.0,70000.0,198608.0,789616.0,60507.0,0.0,0.0,0.0,0.0,0.0,3896.0,0.0,0.0,0.0,0.0,0.0,0.0,0.0,2065726.0,0.0,0.0,0.0,0.0,0.0,0.0,0.0,0.0,0.0,0.0,0.0,570149.0,0.0,189692.0,0.0,341699.0,0.0,0.0,0.0,0.0,540363.0,0.0,0.0,31647.0,0.0,34424.0,1920026.0,0.0,0.0,0.0,796258.0,0.0,0.0,31647.0,0.0,0.0,0.0,0.0,0.0,-1610105.0,0.0,-1239324.0,0.0,92618.0,154885.0
68452370106120,2255634.41,0.0,1276074.44,4722.96,1088843.33,49785.65,722200.28,1611687.31,0.0,272500.64,521082.64,322063.12,774389.15,45186.3,284575.76,0.0,0.0,2825.54,0.0,1007.03,256268.42,189268.42,0.0,397674.27,21822.59,76942.03,45233.08,141297.57,714631.5,365764.3,0.0,70510.0,0.0,35972.84,0.0,0.0,0.0,0.0,0.0,0.0,0.0,0.0,0.0,0.0,7057591.0,0.0,0.0,0.0,0.0,0.0,0.0,0.0,0.0,0.0,0.0,0.0,0.0,2653736.29,0.0,0.0,30000.0,0.0,0.0,0.0,1045125.8,0.0,0.0,0.0,0.0,0.0,547773.87,0.0,0.0,0.0,0.0,30000.0,0.0,0.0,2515774.22,0.0,0.0,635314.0,0.0,0.0,1000000.0,0.0,2192392.3,245032.17,610804.0
68478380101261,155089.44,0.0,40547.59,4211.84,34507.0,35153.15,117985.68,49000.0,78233.6,13058.06,0.0,29130.01,21488.5,5315.66,32918.14,0.0,0.0,205.0,6981.25,14246.19,30782.73,3345.87,3570.22,4785.6,354.0,6426.71,4101.47,14688.52,199531.57,9459.39,0.0,0.0,0.0,0.0,0.0,3299.34,0.0,0.0,0.0,0.0,0.0,0.0,0.0,0.0,189896.0,7335.0,0.0,0.0,0.0,0.0,0.0,180000.0,0.0,0.0,28413.0,0.0,0.0,0.0,0.0,11924.74,0.0,0.0,0.0,0.0,387906.7,0.0,0.0,2383.0,0.0,15715.57,69623.39,0.0,250000.0,0.0,0.0,0.0,0.0,2383.0,0.0,0.0,0.0,0.0,0.0,95923.62,98055.9,0.0,80897.22,54336.51,0.0
68478380101337,442782.15,10586.62,0.0,1450.0,5117.5,10467.5,66948.06,44074.6,0.0,0.0,0.0,46648.18,29335.2,0.0,2893.0,0.0,0.0,0.0,40172.85,7506.48,108204.42,83075.48,616.68,0.0,0.0,13213.01,55408.33,102316.46,51528.95,0.0,0.0,0.0,0.0,0.0,0.0,5244.33,0.0,0.0,0.0,0.0,0.0,0.0,0.0,0.0,167169.0,0.0,0.0,0.0,0.0,0.0,0.0,2407.0,0.0,0.0,245570.68,437980.53,0.0,0.0,0.0,572973.6,0.0,0.0,0.0,0.0,0.0,391726.43,0.0,17668.31,0.0,17741.9,17658.5,66724.28,0.0,112476.32,250000.0,0.0,0.0,17668.31,0.0,0.0,99984.42,0.0,0.0,435598.41,201197.42,-27003.42,0.0,52162.76,0.0
68478380101352,417553.89,0.0,0.0,0.0,0.0,0.0,142787.26,38735.35,0.0,0.0,0.0,50584.07,29839.8,0.0,0.0,0.0,0.0,0.0,19856.06,8414.09,44256.06,77028.31,12156.93,14500.61,0.0,34682.0,6472.5,24765.36,138725.96,6961.49,0.0,0.0,0.0,0.0,0.0,0.0,0.0,0.0,0.0,0.0,0.0,0.0,0.0,0.0,129397.0,0.0,0.0,0.0,0.0,0.0,0.0,0.0,0.0,0.0,241254.72,203134.3,0.0,0.0,0.0,360473.83,0.0,0.0,0.0,0.0,10460.0,286707.11,0.0,0.0,0.0,0.0,34612.57,60242.5,50000.0,112706.28,200000.0,0.0,0.0,0.0,0.0,0.0,18496.6,0.0,0.0,181583.06,346534.0,-145230.18,0.0,17527.0,0.0
68478380101774,551372.76,2483.0,81900.0,0.0,10957.0,0.0,0.0,84394.86,85022.79,47021.91,0.0,25161.91,99955.69,2379.93,29673.9,0.0,0.0,7504.17,17263.12,0.0,11583.48,0.0,634.45,669.5,0.0,2324.0,0.0,552.0,135417.3,309.1,0.0,0.0,0.0,0.0,0.0,0.0,0.0,0.0,0.0,0.0,0.0,0.0,0.0,0.0,428878.0,0.0,0.0,0.0,0.0,0.0,0.0,0.0,0.0,0.0,0.0,0.0,0.0,0.0,0.0,68219.18,0.0,0.0,0.0,0.0,245494.84,0.0,0.0,5423.0,0.0,0.0,116660.22,0.0,0.0,0.0,0.0,0.0,0.0,5423.0,0.0,0.0,0.0,0.0,0.0,197053.8,90907.04,0.0,12758.25,30294.37,0.0
68478380107300,237827.04,0.0,0.0,6408.0,0.0,33918.0,105480.04,18376.0,0.0,18480.09,0.0,15611.11,25344.52,3590.8,8648.23,0.0,0.0,0.0,13032.41,17024.09,21581.61,43095.36,2012.15,4548.53,1283.8,0.0,47283.29,160191.59,254215.9,9074.7,0.0,0.0,0.0,0.0,0.0,49695.06,0.0,0.0,0.0,0.0,0.0,0.0,0.0,0.0,207974.0,0.0,0.0,0.0,0.0,0.0,0.0,282500.0,0.0,0.0,0.0,0.0,0.0,0.0,0.0,228863.61,0.0,0.0,0.0,0.0,215443.1,0.0,0.0,11427.7,0.0,134708.52,84128.04,0.0,250000.0,180000.0,0.0,0.0,0.0,11427.7,0.0,0.0,0.0,0.0,0.0,64892.36,0.0,0.0,259184.77,13310.0,0.0
68478383830411,1061366.0,72436.0,154687.0,0.0,16195.0,32000.0,95688.0,134636.0,14975.0,133171.0,0.0,0.0,186461.0,0.0,45104.0,0.0,0.0,0.0,60115.0,0.0,16281.0,0.0,0.0,0.0,4155.0,18527.0,46454.0,0.0,44943.0,9504.0,0.0,0.0,0.0,0.0,0.0,0.0,0.0,0.0,0.0,0.0,0.0,0.0,0.0,249241.0,0.0,0.0,0.0,0.0,30899.0,0.0,0.0,65356.0,0.0,0.0,0.0,0.0,0.0,0.0,0.0,557123.0,0.0,0.0,0.0,0.0,26742.0,0.0,0.0,0.0,0.0,0.0,13484.0,0.0,231250.0,0.0,481559.0,0.0,0.0,0.0,0.0,0.0,0.0,0.0,0.0,-142428.0,290360.0,-102759.0,53763.0,0.0,0.0
68478383830429,365971.25,0.0,0.0,0.0,177216.09,30862.5,0.0,28878.94,7227.38,0.0,0.0,43772.47,29277.77,6454.56,19566.56,0.0,0.0,33450.02,22280.62,147.41,103531.66,50.0,35653.08,4583.54,2037.32,21118.0,43982.32,28616.88,138409.86,14831.93,0.0,0.0,0.0,0.0,0.0,0.0,0.0,0.0,0.0,0.0,0.0,0.0,0.0,0.0,100469.0,137.0,0.0,0.0,0.0,0.0,0.0,50704.51,0.0,0.0,0.0,0.0,0.0,0.0,0.0,478712.95,1180.0,0.0,81952.62,0.0,171705.92,0.0,0.0,12723.82,30.0,0.0,204960.18,0.0,0.0,0.0,200000.0,1180.0,0.0,12723.82,0.0,0.0,0.0,0.0,0.0,327441.31,369841.08,150.0,328503.75,446034.96,0.0
68478383830437,1378649.0,233495.0,168550.0,37666.0,0.0,0.0,236101.0,132730.0,0.0,120709.0,0.0,126200.0,138842.0,0.0,62727.0,0.0,0.0,0.0,0.0,0.0,68646.0,0.0,0.0,283.0,1779.0,17732.0,102720.0,14757.0,136751.0,6322.0,0.0,0.0,0.0,0.0,0.0,189483.0,0.0,0.0,25256.0,156173.0,0.0,0.0,101872.0,0.0,853651.0,0.0,0.0,0.0,0.0,0.0,0.0,0.0,0.0,0.0,3323.0,987093.0,0.0,2034421.0,0.0,0.0,0.0,0.0,0.0,177803.0,106811.0,465653.0,0.0,0.0,0.0,290585.0,214821.0,226146.0,0.0,0.0,0.0,0.0,0.0,0.0,0.0,0.0,0.0,0.0,0.0,2634306.72,2433180.72,10802.0,0.0,131737.0,0.0
68478386112601,453677.0,0.0,88538.0,6104.0,35860.0,8094.0,0.0,81186.0,93711.0,54457.0,0.0,0.0,58389.0,7084.0,30058.0,0.0,0.0,10788.0,17709.0,6019.0,60454.0,2172.0,1804.0,13873.0,1863.0,5694.0,7604.0,26310.0,23955.0,3223.0,0.0,0.0,0.0,0.0,0.0,0.0,0.0,0.0,0.0,33156.0,0.0,0.0,0.0,0.0,167090.0,5156.0,0.0,0.0,0.0,0.0,0.0,0.0,0.0,0.0,0.0,0.0,0.0,0.0,0.0,20683.0,0.0,0.0,677.0,215878.0,186130.0,0.0,0.0,6213.0,0.0,0.0,0.0,0.0,0.0,0.0,0.0,0.0,0.0,6213.0,0.0,0.0,0.0,0.0,0.0,423368.0,261018.0,-22908.0,297461.0,130168.0,0.0
68585390101956,838384.14,0.0,90462.64,0.0,7122.43,0.0,0.0,78485.93,67769.4,66326.47,13071.27,28855.46,92885.37,14696.46,35301.85,0.0,0.0,9231.41,0.0,59632.66,87696.2,25124.17,0.0,9093.31,841.0,15313.91,82528.55,165907.95,160178.14,19305.54,0.0,0.0,0.0,0.0,0.0,75077.33,0.0,0.0,0.0,0.0,528475.34,0.0,0.0,0.0,1442164.0,-77671.0,0.0,0.0,0.0,0.0,0.0,107855.0,0.0,0.0,0.0,0.0,0.0,0.0,0.0,1284881.3,0.0,0.0,0.0,0.0,331801.59,0.0,0.0,0.0,2099003.79,11060035.86,685089.41,0.0,170684.39,3.97,13975891.59,0.0,0.0,0.0,0.0,0.0,0.0,0.0,0.0,-55946.82,-364064.68,219092.11,107118.16,79421.78,0.0
68585396116594,865011.23,47703.98,76373.47,0.0,0.0,0.0,0.0,56391.07,33461.13,80688.92,6654.05,21965.72,89274.63,11468.05,37925.69,0.0,0.0,6518.33,0.0,10021.39,32358.57,4179.2,0.0,2380.37,1368.66,17338.48,33548.0,151879.99,102333.79,12096.27,0.0,0.0,0.0,0.0,0.0,122871.74,0.0,0.0,0.0,0.0,0.0,0.0,0.0,0.0,1164372.0,-19970.0,0.0,0.0,0.0,0.0,0.0,46080.4,0.0,0.0,0.0,0.0,0.0,0.0,0.0,261059.46,0.0,0.0,0.0,0.0,161475.36,0.0,0.0,11259.35,0.0,1338320.77,110687.99,0.0,0.0,0.0,0.0,0.0,0.0,11259.35,0.0,0.0,0.0,0.0,0.0,1650167.6,2288080.74,-558622.99,21798.89,245410.84,0.0
68585396118921,774773.61,0.0,71521.95,0.0,42547.59,0.0,0.0,53248.22,65007.63,65585.2,6193.37,24800.11,80886.69,14636.85,31217.85,0.0,0.0,10113.84,0.0,31864.35,56408.96,10810.1,0.0,9615.44,1275.31,30413.57,69747.51,11788.05,107288.13,4068.3,0.0,0.0,0.0,0.0,0.0,256526.5,0.0,0.0,0.0,0.0,462467.6,0.0,0.0,0.0,1155136.0,-21909.0,0.0,0.0,0.0,0.0,0.0,28684.77,0.0,0.0,0.0,0.0,0.0,0.0,0.0,78642.68,0.0,0.0,0.0,0.0,334748.42,0.0,0.0,6179.25,994107.54,6524715.98,270776.17,0.0,84315.6,1129.0,6893528.86,0.0,0.0,6179.25,0.0,0.0,0.0,0.0,0.0,682464.99,754601.39,32114.0,63448.89,287393.74,0.0
68809406043194,355524.51,0.0,84405.0,0.0,0.0,0.0,0.0,62976.21,0.0,35831.22,7079.44,9879.89,52194.79,3163.66,11123.27,0.0,0.0,0.0,5018.01,1707.66,36453.4,0.0,24894.12,1058.14,1059.0,4089.88,37553.65,4785.07,130435.75,3106.35,0.0,246.45,0.0,1823.25,5095.75,0.0,0.0,0.0,110792.78,0.0,0.0,0.0,0.0,0.0,603250.88,2598.0,0.0,0.0,0.0,0.0,0.0,0.0,0.0,0.0,0.0,0.0,0.0,0.0,0.0,253430.3,0.0,0.0,0.0,0.0,35635.92,0.0,0.0,0.0,0.0,0.0,64750.64,0.0,0.0,0.0,0.0,0.0,0.0,0.0,0.0,0.0,0.0,50737.84,0.0,173577.44,263378.57,-354.87,213776.52,96116.08,0.0
68882410107565,186523.0,0.0,35570.0,0.0,0.0,0.0,0.0,0.0,1424.0,14094.0,114.0,2965.0,0.0,2677.0,1459.0,0.0,0.0,4686.0,172002.0,0.0,117841.0,0.0,0.0,3319.0,0.0,0.0,14479.0,39795.0,209685.0,11629.0,0.0,0.0,0.0,0.0,0.0,894.0,0.0,0.0,0.0,0.0,0.0,0.0,0.0,334269.0,0.0,0.0,0.0,0.0,0.0,0.0,0.0,0.0,0.0,0.0,0.0,0.0,0.0,0.0,0.0,11827.0,0.0,0.0,0.0,0.0,120483.0,0.0,0.0,9391.0,0.0,8436.0,397890.0,0.0,0.0,0.0,58476.0,0.0,0.0,9391.0,0.0,0.0,0.0,0.0,0.0,-315620.0,0.0,0.0,0.0,12740.0,0.0
68999414130118,1246501.32,48619.14,105511.09,0.0,9505.0,0.0,422.94,86533.98,46077.8,96156.68,11289.81,31125.01,110328.01,14685.21,40775.27,3.38,0.0,11167.37,0.0,29296.36,59035.74,10025.59,0.0,18889.87,6181.16,12459.29,33895.06,58031.9,162759.63,11021.72,0.0,0.0,0.0,0.0,0.0,95822.63,0.0,0.0,0.0,0.0,0.0,0.0,0.0,0.0,1316419.0,-5279.0,0.0,0.0,0.0,0.0,0.0,54028.43,0.0,0.0,0.0,0.0,0.0,273705.01,0.0,-375299.52,0.0,0.0,0.0,0.0,555283.76,0.0,0.0,0.0,0.0,157188.92,390173.65,0.0,0.0,72175.25,0.0,0.0,0.0,0.0,0.0,0.0,0.0,0.0,0.0,148529.12,540748.28,-11736.19,292010.73,128499.24,0.0
68999416114953,1031805.1,0.0,68779.89,0.0,26716.23,12080.54,0.0,113283.93,129910.15,88472.61,23592.1,36974.3,133904.32,16487.06,48027.12,0.0,0.0,14760.42,0.0,100601.83,60497.61,21357.97,0.0,18429.81,630.87,12254.43,30353.95,14654.49,530258.53,1671.48,0.0,0.0,0.0,0.0,0.0,8664.08,0.0,0.0,0.0,0.0,0.0,0.0,0.0,0.0,1544410.0,-7309.0,0.0,0.0,0.0,0.0,0.0,210448.8,0.0,0.0,0.0,0.0,0.0,177932.27,0.0,125769.76,0.0,0.0,0.0,0.0,452467.97,0.0,0.0,-3.0,0.0,100740.56,185762.12,0.0,0.0,0.0,0.0,0.0,0.0,-3.0,0.0,0.0,0.0,0.0,0.0,671151.78,669816.07,147261.93,54078.4,227408.5,0.0
69021410101279,437040.0,0.0,0.0,0.0,0.0,0.0,155879.0,0.0,0.0,39212.0,0.0,14174.0,44883.0,3728.0,26684.0,0.0,0.0,5323.0,4389.0,10874.0,16580.0,26867.0,1354.0,18696.0,1448.0,2801.0,67126.0,278068.0,140056.0,0.0,0.0,0.0,0.0,0.0,0.0,18778.0,0.0,0.0,0.0,0.0,0.0,0.0,0.0,0.0,345571.0,1939.0,0.0,0.0,0.0,0.0,0.0,0.0,0.0,0.0,3257.0,786999.0,0.0,69359.0,0.0,1069609.0,500.0,0.0,0.0,0.0,327879.0,0.0,0.0,36882.0,0.0,134267.0,143694.0,1000.0,0.0,1000000.0,12832.0,500.0,0.0,36882.0,0.0,0.0,0.0,0.0,0.0,443588.0,126689.0,41022.0,0.0,23870.0,39488.0
69278426045918,2002477.0,56760.0,117152.0,0.0,254855.0,194568.0,32073.0,141946.0,30771.0,174027.0,33716.0,87014.0,246263.0,27869.0,84918.0,0.0,0.0,0.0,16026.0,16779.0,208074.0,105119.0,111247.0,7655.0,0.0,0.0,93190.0,34513.0,137078.0,7036.0,0.0,0.0,0.0,0.0,0.0,0.0,182934.0,0.0,0.0,0.0,0.0,0.0,128142.0,22573.0,625267.0,-5058.0,0.0,0.0,0.0,0.0,0.0,4000.0,0.0,155113.0,228936.0,128142.0,0.0,1159356.0,0.0,252936.0,0.0,0.0,0.0,0.0,609791.0,47237.0,0.0,0.0,0.0,0.0,498503.0,0.0,0.0,22707.0,0.0,0.0,0.0,0.0,0.0,0.0,0.0,240198.0,0.0,1307912.0,2036251.0,-1000000.0,590204.0,524652.0,0.0
69369430106633,167077.82,64193.6,0.0,0.0,0.0,43807.86,0.0,2400.75,827.79,0.0,0.0,24621.46,12615.22,0.0,2118.12,0.0,0.0,0.0,7649.2,6916.72,57087.92,15006.78,6252.47,6184.25,3858.85,7413.42,2140.99,7245.42,68917.15,2139.02,0.0,0.0,0.0,0.0,0.0,0.0,0.0,0.0,0.0,0.0,0.0,0.0,0.0,0.0,182806.38,0.0,0.0,0.0,0.0,0.0,0.0,0.0,0.0,0.0,48446.22,384151.11,0.0,0.0,0.0,430244.78,0.0,0.0,0.0,0.0,13605.33,82121.0,0.0,6068.37,0.0,0.0,20476.82,121235.08,0.0,53023.78,0.0,0.0,0.0,6068.37,0.0,0.0,0.0,0.0,0.0,331235.43,20147.14,0.0,0.0,0.0,0.0
69427430107151,329866.29,0.0,246174.49,0.0,248929.66,93410.33,226440.54,61534.32,82595.39,50891.88,0.0,29726.45,190547.92,19794.2,67295.15,0.0,0.0,54622.99,50270.34,4681.14,29813.18,39521.32,9158.19,1725.03,3216.87,16724.65,25025.89,233745.57,366951.42,14905.43,0.0,0.0,0.0,0.0,0.0,0.0,0.0,0.0,0.0,0.0,0.0,0.0,0.0,0.0,1164946.0,0.0,0.0,0.0,0.0,0.0,0.0,0.0,0.0,0.0,0.0,0.0,0.0,0.0,0.0,520770.12,0.0,0.0,0.0,0.0,453727.0,0.0,0.0,0.0,0.0,0.0,97644.73,0.0,0.0,0.0,0.0,0.0,0.0,0.0,0.0,0.0,0.0,0.0,0.0,876852.12,0.0,0.0,2976.76,145500.0,0.0
69427430107490,58792.02,0.0,12499.98,0.0,40456.41,2646.4,15242.39,10400.0,0.0,0.0,0.0,10712.86,11701.21,2376.5,2296.6,155.99,0.0,0.0,14200.0,0.0,12763.33,400.0,4716.0,1636.21,90.0,483.4,350.0,8574.0,1076.89,1061.11,0.0,0.0,0.0,0.0,0.0,0.0,0.0,0.0,0.0,0.0,0.0,0.0,0.0,0.0,38303.0,0.0,0.0,0.0,0.0,0.0,0.0,0.0,0.0,0.0,0.0,147106.01,0.0,0.0,0.0,35808.78,0.0,0.0,0.0,0.0,15951.28,0.0,0.0,0.0,0.0,0.0,6967.18,0.0,0.0,0.0,0.0,0.0,0.0,0.0,0.0,0.0,0.0,0.0,0.0,44792.88,0.0,0.0,0.0,0.0,0.0
69427434330601,391348.13,0.0,112898.82,0.0,0.0,87549.57,0.0,43938.97,0.0,37488.55,3488.05,20255.53,57340.27,9209.99,41565.32,1441.93,0.0,0.0,27592.4,240.55,30071.56,12835.49,2305.02,15611.34,1255.0,0.0,16015.16,7071.88,8319.95,6733.85,0.0,0.0,0.0,0.0,0.0,0.0,0.0,8802.11,0.0,0.0,4372.6,0.0,0.0,387593.0,0.0,0.0,0.0,0.0,0.0,0.0,0.0,4048.0,0.0,0.0,6192.0,0.0,0.0,0.0,0.0,76874.16,0.0,0.0,0.0,0.0,50592.45,0.0,0.0,0.0,0.0,0.0,38931.7,0.0,40000.0,0.0,40000.0,0.0,0.0,0.0,0.0,0.0,0.0,0.0,0.0,8534.91,74961.0,-40000.0,10910.05,23613.9,0.0
69427434330668,952886.18,10899.21,61935.02,10500.0,27614.5,0.0,103837.54,70500.34,175469.05,0.0,0.0,100407.74,82568.89,71667.39,62905.57,0.0,0.0,145418.72,8066.2,0.0,34228.81,0.0,122158.92,3584.85,0.0,26477.51,0.0,338000.0,235240.27,29069.72,0.0,0.0,0.0,0.0,0.0,0.0,0.0,0.0,0.0,0.0,0.0,0.0,0.0,0.0,831700.0,0.0,0.0,0.0,0.0,0.0,0.0,288943.0,0.0,0.0,0.0,0.0,0.0,0.0,0.0,0.0,0.0,0.0,0.0,0.0,142500.0,13943.0,0.0,0.0,548660.27,0.0,192420.0,0.0,0.0,0.0,0.0,0.0,0.0,0.0,0.0,0.0,0.0,0.0,0.0,512683.57,293666.44,119917.56,338000.0,71760.0,0.0
69427434330676,332384.72,0.0,79567.56,0.0,28020.49,2207.7,0.0,36446.91,0.0,33857.72,13770.81,11646.44,41347.71,2835.55,11481.58,0.0,0.0,1598.89,1485.0,12559.73,8829.0,63549.0,0.0,4005.68,333.0,2868.8,7918.8,107589.76,55592.13,10536.03,0.0,0.0,0.0,0.0,0.0,12180.0,0.0,0.0,0.0,0.0,0.0,0.0,0.0,0.0,327379.0,0.0,0.0,0.0,0.0,0.0,0.0,0.0,0.0,0.0,144196.82,0.0,0.0,0.0,0.0,409106.0,0.0,0.0,0.0,0.0,65357.0,0.0,0.0,4408.72,0.0,300384.0,26933.0,193892.0,0.0,137411.74,0.0,0.0,0.0,4408.72,0.0,0.0,0.0,0.0,0.0,416608.97,214539.0,32857.0,169472.78,20585.29,0.0
69427434330726,428125.82,0.0,120930.58,0.0,136961.48,0.0,101280.83,46109.42,47804.02,41226.02,0.0,20126.11,129892.18,12287.31,45873.57,0.0,0.0,29723.75,10306.54,0.0,24244.77,2327.58,5661.28,1293.28,2033.87,11400.81,4863.96,131276.47,318426.29,9095.51,0.0,0.0,0.0,0.0,0.0,13448.0,0.0,0.0,0.0,0.0,0.0,0.0,0.0,0.0,242195.0,0.0,0.0,0.0,0.0,0.0,0.0,180000.0,0.0,0.0,117555.0,0.0,0.0,0.0,0.0,1460283.9,0.0,0.0,0.0,0.0,63110.0,0.0,0.0,20243.35,0.0,50788.16,222266.75,544451.0,0.0,0.0,129576.0,0.0,0.0,20243.35,0.0,0.0,0.0,0.0,0.0,677887.92,1329012.17,-544450.86,80380.37,369679.04,0.0
69484434330619,441644.0,0.0,70880.15,0.0,0.0,0.0,0.0,24268.48,96901.85,43665.06,9663.32,15158.75,67711.58,8254.7,40305.11,0.0,0.0,0.0,12102.54,9039.51,14877.14,5830.83,376.37,24682.33,575.0,0.0,27860.35,11986.0,10064.89,19488.71,0.0,0.0,0.0,0.0,0.0,0.0,0.0,24162.38,0.0,37494.32,5465.76,50000.0,0.0,309829.0,0.0,0.0,0.0,0.0,0.0,0.0,0.0,0.0,0.0,0.0,46982.0,0.0,0.0,0.0,0.0,0.0,27399.72,0.0,0.0,0.0,66380.23,0.0,0.0,0.0,21309.0,0.0,51968.2,0.0,100000.0,0.0,0.0,27399.72,0.0,0.0,0.0,0.0,0.0,0.0,0.0,-64278.98,96249.26,0.0,19044.03,8903.64,0.0
69583436118541,983060.17,71880.0,119821.43,0.0,0.0,0.0,0.0,79488.41,6425.0,101449.87,0.0,34797.54,94099.54,17408.05,42142.61,0.0,0.0,4540.0,0.0,11807.86,4367.33,0.0,25990.68,2467.2,1886.9,11541.19,281686.71,42968.91,49183.5,11547.52,0.0,0.0,0.0,0.0,0.0,0.0,0.0,0.0,0.0,217873.59,29512.52,0.0,0.0,0.0,207346.68,0.0,0.0,0.0,0.0,0.0,0.0,2465.05,376.15,2450.69,13291.0,0.0,0.0,0.0,0.0,11971.47,0.0,0.0,0.0,0.0,26398.12,0.0,0.0,15267.08,0.0,0.0,152014.31,0.0,68500.0,0.0,0.0,0.0,0.0,15267.08,0.0,0.0,0.0,0.0,0.0,-182144.72,73942.6,-212499.14,221786.54,234180.22,0.0
69765440100305,147362.13,0.0,39284.64,0.0,0.0,0.0,0.0,21550.34,0.0,13497.51,3653.16,5333.63,35990.7,1288.62,6363.32,0.0,661.18,1337.55,7707.47,3237.39,15156.08,2196.92,0.0,1535.96,997.0,0.0,1126.5,968.32,122384.46,769.73,0.0,0.0,0.0,0.0,0.0,0.0,0.0,0.0,0.0,0.0,0.0,0.0,0.0,0.0,288216.0,0.0,0.0,0.0,0.0,0.0,0.0,0.0,0.0,0.0,0.0,0.0,0.0,82651.95,0.0,0.0,0.0,0.0,0.0,0.0,45031.79,0.0,0.0,0.0,0.0,0.0,111347.05,0.0,0.0,0.0,0.0,0.0,0.0,0.0,0.0,0.0,0.0,0.0,7112.61,9224.08,5759.0,0.0,12716.18,11082.54,0.0
69765440100388,202976.5,20041.5,53880.0,0.0,36385.25,0.0,15814.0,20249.16,0.0,22086.23,2675.53,9753.47,61375.68,2129.17,10575.69,0.0,490.43,0.0,0.0,434.82,17160.31,0.0,0.0,120.0,0.0,0.0,477.6,42341.06,40675.74,1865.1,0.0,0.0,0.0,0.0,0.0,0.0,0.0,0.0,0.0,0.0,0.0,0.0,0.0,0.0,320330.0,0.0,0.0,0.0,0.0,0.0,0.0,0.0,0.0,0.0,0.0,0.0,0.0,69390.6,0.0,86866.72,0.0,0.0,0.0,0.0,50935.12,0.0,0.0,6016.67,0.0,0.0,23539.94,0.0,0.0,0.0,0.0,0.0,0.0,6016.67,0.0,0.0,0.0,0.0,0.0,183652.5,93606.05,2220.0,68223.91,66357.45,0.0
69823444430187,186028.61,86499.96,0.0,0.0,15113.85,0.0,0.0,33477.87,3135.0,22467.21,3118.54,6396.3,24746.34,3516.14,12634.0,0.0,0.0,0.0,2357.42,0.0,5951.67,0.0,2344.36,1368.54,375.0,2032.0,26087.62,1.0,39289.83,1580.19,0.0,0.0,0.0,0.0,0.0,15373.0,0.0,0.0,0.0,0.0,0.0,0.0,0.0,359994.0,0.0,0.0,0.0,0.0,0.0,0.0,0.0,0.0,0.0,0.0,0.0,0.0,0.0,0.0,0.0,100866.84,0.0,0.0,0.0,0.0,59155.45,0.0,0.0,0.0,227.13,246348.97,19000.59,0.0,0.0,0.0,0.0,0.0,0.0,0.0,0.0,0.0,0.0,0.0,0.0,387597.8,339534.02,0.0,124804.65,7292.65,32083.93
70730496120588,1606520.81,0.0,329987.1,5039.45,0.0,0.0,58140.0,142118.3,60732.68,156588.5,24848.62,47723.79,245850.76,14131.52,58741.0,0.0,0.0,0.0,0.0,1864.6,286971.62,0.0,0.0,38911.18,6311.0,23140.0,11854.38,84080.5,593372.08,37451.86,0.0,0.0,0.0,0.0,0.0,0.0,0.0,0.0,0.0,0.0,0.0,0.0,0.0,0.0,2330211.0,-2012.0,0.0,0.0,0.0,0.0,0.0,0.0,103901.0,0.0,0.0,0.0,0.0,104534.32,0.0,0.0,1000.0,0.0,0.0,0.0,133327.58,311962.71,0.0,0.0,0.0,99461.73,97326.78,153578.0,0.0,0.0,0.0,1000.0,0.0,0.0,0.0,0.0,0.0,-60769.0,0.0,459150.56,218180.9,-9953.0,70338.9,196178.03,15938.48
70797490107284,452422.0,0.0,36133.0,0.0,0.0,0.0,0.0,2562.0,0.0,19083.0,758.0,3289.0,0.0,5200.0,2869.0,0.0,0.0,15250.0,307179.0,0.0,240575.0,0.0,0.0,6646.0,0.0,0.0,32928.0,79538.0,200252.0,22447.0,0.0,0.0,0.0,0.0,0.0,1470.0,0.0,0.0,0.0,0.0,0.0,0.0,0.0,0.0,674272.0,0.0,0.0,0.0,0.0,0.0,0.0,0.0,0.0,0.0,0.0,2397.0,0.0,44597.0,0.0,117463.0,0.0,0.0,0.0,0.0,216882.4,0.0,0.0,15967.0,0.0,8786.0,673614.0,0.0,133031.4,0.0,0.0,0.0,0.0,15967.0,0.0,0.0,0.0,0.0,0.0,-418917.0,0.0,0.0,17607.0,29487.0,0.0
70912496116958,90375.05,0.0,0.0,0.0,12092.26,0.0,19999.94,50706.45,7447.26,0.0,0.0,9470.89,12078.25,804.7,13235.9,0.0,0.0,0.0,0.0,0.0,1100.72,0.0,260.44,702.72,10.0,8675.68,1024.03,51133.23,46361.38,3430.95,0.0,0.0,0.0,0.0,0.0,0.0,0.0,0.0,0.0,0.0,0.0,0.0,0.0,0.0,35463.0,196.76,0.0,0.0,0.0,0.0,0.0,0.0,0.0,0.0,3424.72,0.0,0.0,22164.31,0.0,0.0,0.0,0.0,0.0,0.0,18171.0,8761.48,0.0,0.0,0.0,0.0,0.0,5421.0,0.0,1342.28,0.0,0.0,0.0,0.0,0.0,0.0,0.0,0.0,0.0,42333.51,55104.0,2447.0,129866.1,29558.78,0.0
71134506118178,483816.87,0.0,80810.11,0.0,0.0,0.0,28.45,32278.76,62277.99,46420.27,3202.37,13808.76,58081.24,6613.84,23831.29,0.0,0.0,5624.34,0.0,16099.1,17093.2,6479.34,23055.1,4841.26,140.0,8624.27,15442.98,197791.63,61465.23,4404.84,0.0,0.0,0.0,0.0,0.0,29520.13,0.0,0.0,0.0,0.0,0.0,0.0,0.0,0.0,957240.0,418.0,0.0,0.0,0.0,0.0,0.0,3074.49,0.0,0.0,0.0,0.0,0.0,0.0,0.0,158625.88,0.0,0.0,0.0,0.0,221517.95,0.0,0.0,8820.0,595.0,70808.37,143727.83,0.0,0.0,0.0,0.0,0.0,0.0,8820.0,0.0,0.0,0.0,0.0,0.0,307819.37,251221.25,48073.96,28581.59,134175.87,0.0
71134506119705,877512.59,2012.5,88314.87,0.0,0.0,0.0,0.0,55685.14,86302.85,76137.64,10200.5,23460.4,102412.21,10592.49,35780.48,0.0,0.0,10161.76,0.0,20754.35,100652.01,13085.06,59456.17,7346.94,631.84,12672.46,30306.66,186522.98,125966.84,8869.1,0.0,0.0,0.0,0.0,0.0,101054.95,0.0,0.0,0.0,0.0,0.0,0.0,0.0,0.0,1458861.0,-1034.0,0.0,0.0,0.0,0.0,0.0,110736.68,0.0,32506.78,0.0,0.0,0.0,0.0,0.0,-417373.6,0.0,0.0,0.0,0.0,375574.59,0.0,0.0,15002.74,12500.0,368525.36,150048.34,0.0,0.0,173.34,0.0,0.0,0.0,15002.74,0.0,0.0,0.0,0.0,0.0,189004.67,260840.71,82965.18,133090.85,187084.33,0.0
71464510107318,351992.29,0.0,53499.96,0.0,112434.88,39550.42,31917.97,1200.0,5065.0,32585.06,0.0,22299.11,0.0,3737.52,25829.0,0.0,0.0,0.0,17343.24,1551.71,87779.15,2750.24,0.0,13276.64,576.0,13910.83,32109.81,123580.07,182408.3,5364.71,0.0,0.0,0.0,0.0,0.0,19793.0,39228.24,0.0,0.0,0.0,0.0,0.0,0.0,0.0,617069.0,0.0,0.0,0.0,0.0,0.0,0.0,0.0,0.0,0.0,0.0,0.0,0.0,138145.43,0.0,0.0,0.0,3915.57,0.0,0.0,96042.0,1715.0,0.0,0.0,0.0,51263.0,61492.88,0.0,100000.0,0.0,296122.0,0.0,0.0,0.0,0.0,0.0,0.0,0.0,0.0,-166533.88,0.0,-79054.0,112122.07,99615.2,0.0
72363550100099,207604.0,0.0,35711.0,0.0,0.0,0.0,0.0,964.0,0.0,13179.0,0.0,2314.0,0.0,1561.0,2891.0,0.0,0.0,4546.0,50387.0,0.0,95001.0,0.0,0.0,4881.0,0.0,0.0,19896.0,38903.0,160505.0,12296.0,0.0,0.0,0.0,0.0,0.0,1772.0,0.0,0.0,0.0,0.0,0.0,0.0,0.0,304338.0,0.0,228.0,0.0,0.0,0.0,0.0,0.0,0.0,0.0,0.0,0.0,65347.0,0.0,0.0,0.0,53406.0,0.0,0.0,0.0,0.0,64438.0,0.0,0.0,7086.0,0.0,23678.0,434875.0,0.0,0.0,0.0,0.0,0.0,0.0,7086.0,0.0,0.0,0.0,0.0,0.0,-293352.0,0.0,-249927.0,0.0,13856.0,0.0
72751586118780,2267989.16,0.0,183034.12,0.0,326994.42,5715.25,301740.53,322984.89,178474.39,201522.27,0.0,119029.61,191756.14,22877.83,183074.52,0.0,0.0,221.37,15151.19,55310.54,350790.69,70127.54,0.0,74845.54,8824.18,21821.0,180283.61,784226.46,526818.46,32681.13,176120.84,37206.22,0.0,0.0,0.0,0.0,0.0,0.0,0.0,0.0,6436.25,79421.0,0.0,0.0,4593028.11,0.0,0.0,0.0,0.0,0.0,0.0,0.0,0.0,0.0,0.0,0.0,0.0,283344.81,0.0,29671.53,10250.0,0.0,0.0,0.0,557140.05,0.0,0.0,47096.0,0.0,0.0,399058.5,0.0,30607.0,0.0,0.0,10250.0,0.0,47096.0,0.0,0.0,0.0,288990.27,151500.62,0.0,554754.0,-46203.0,694768.26,813588.0,0.0
73569370101071,946355.9,0.0,84583.18,0.0,159474.24,0.0,87058.03,0.0,-11555.21,82423.32,22989.88,0.0,117303.39,0.0,29016.15,0.0,0.0,0.0,48245.69,154260.05,7889.16,0.0,0.0,2241.84,4927.76,7154.0,649957.75,37164.76,84165.21,16269.55,0.0,0.0,0.0,0.0,0.0,0.0,0.0,0.0,0.0,0.0,0.0,0.0,0.0,0.0,1540859.3,0.0,0.0,0.0,0.0,0.0,0.0,0.0,0.0,0.0,0.0,0.0,0.0,0.0,0.0,129194.38,0.0,0.0,0.0,0.0,175170.41,0.0,0.0,0.0,80853.45,235373.18,174610.24,0.0,367238.86,0.0,0.0,0.0,0.0,0.0,0.0,0.0,0.0,0.0,0.0,78742.32,21499.98,-2712.38,84333.82,0.0,0.0
73569370101089,216468.9,0.0,0.0,10022.05,0.0,0.0,86999.99,0.0,0.0,9844.67,0.0,16074.38,15259.98,775.72,5065.31,0.0,0.0,0.0,2259.39,2812.51,18620.34,6060.5,312.06,251.9,1506.0,2781.0,0.0,9212.66,32806.74,868.67,0.0,0.0,0.0,0.0,0.0,0.0,0.0,0.0,0.0,0.0,0.0,0.0,0.0,0.0,248714.25,0.0,0.0,0.0,0.0,0.0,0.0,0.0,0.0,0.0,0.0,0.0,0.0,464.73,0.0,13892.69,0.0,0.0,0.0,0.0,11799.0,0.0,0.0,7533.0,10125.0,9394.0,1705.29,0.0,36000.0,0.0,0.0,0.0,0.0,7533.0,0.0,0.0,0.0,0.0,0.0,7970.13,25237.0,17922.0,23164.73,19678.42,0.0
73585252530129,1006798.4,116008.0,35793.26,186000.0,0.0,129653.6,0.0,0.0,0.0,105589.45,13152.53,31504.87,236570.4,15160.32,43569.48,0.0,0.0,0.0,166418.38,6037.76,61182.13,0.0,1777.75,13542.53,10780.0,17049.97,24424.15,81146.11,135287.89,15469.96,0.0,0.0,0.0,0.0,0.0,0.0,0.0,0.0,0.0,0.0,0.0,0.0,0.0,0.0,1486648.0,23504.28,0.0,0.0,0.0,0.0,0.0,0.0,0.0,0.0,70121.69,0.0,0.0,0.0,0.0,271547.88,0.0,0.0,0.0,0.0,39132.19,241978.32,0.0,0.0,3050.0,106357.94,392533.54,7011.0,0.0,0.0,33334.06,0.0,0.0,0.0,0.0,0.0,0.0,174891.03,0.0,54297.07,108989.42,73989.58,88304.64,62500.57,0.0
75036186010763,471727.57,0.0,40437.89,3030.0,36461.2,50489.35,54999.96,36496.34,4994.16,36650.61,0.0,21545.16,105506.99,5959.28,994.27,0.0,0.0,0.0,-441.83,2516.77,121135.84,10484.8,13025.36,21605.38,1507.0,1003.36,21495.01,21702.49,81917.18,12149.7,0.0,0.0,0.0,0.0,0.0,0.0,0.0,0.0,0.0,0.0,0.0,0.0,0.0,0.0,821204.0,0.0,0.0,0.0,0.0,0.0,0.0,34112.47,0.0,16249.82,44959.0,0.0,0.0,467639.77,0.0,221897.08,0.0,0.0,0.0,0.0,187001.59,0.0,0.0,0.0,0.0,0.0,236446.29,0.0,0.0,0.0,0.0,0.0,0.0,0.0,0.0,0.0,0.0,0.0,0.0,640092.15,474773.0,119820.6,20969.89,57641.55,0.0
75044360102160,89451.0,0.0,79487.0,0.0,18315.0,0.0,0.0,0.0,6507.0,0.0,0.0,17535.0,2074.0,1549.0,3393.0,0.0,0.0,47.0,35469.0,2907.0,25550.0,6237.0,0.0,1597.0,1225.0,7853.0,6358.0,65005.0,15783.0,1807.0,0.0,0.0,0.0,0.0,0.0,0.0,0.0,0.0,0.0,0.0,0.0,0.0,0.0,0.0,316394.0,0.0,0.0,0.0,0.0,0.0,0.0,0.0,0.0,0.0,0.0,0.0,0.0,0.0,0.0,83986.0,0.0,0.0,0.0,0.0,33559.0,0.0,0.0,5408.0,0.0,0.0,12428.0,0.0,51812.0,33286.0,140000.0,0.0,0.0,5408.0,0.0,0.0,0.0,0.0,0.0,-119981.0,-10171.37,-83400.63,0.0,8808.0,0.0
75044363631132,183278.68,0.0,79999.92,0.0,106640.12,0.0,0.0,66979.01,30122.01,20008.07,13620.26,20407.46,74756.98,9272.04,20739.19,0.0,0.0,0.0,60144.91,5043.22,27037.51,8378.62,0.0,2946.16,1128.0,12025.33,14516.28,128961.3,37451.25,12510.47,0.0,1534.85,0.0,0.0,0.0,0.0,0.0,0.0,0.0,0.0,0.0,0.0,0.0,0.0,811386.0,0.0,0.0,0.0,0.0,0.0,0.0,0.0,0.0,0.0,2760.0,0.0,0.0,0.0,0.0,204998.36,0.0,0.0,0.0,0.0,132488.65,0.0,0.0,29902.0,430.5,0.0,27933.17,0.0,124979.58,0.0,0.0,0.0,0.0,29902.0,0.0,0.0,0.0,0.0,0.0,185004.77,-45567.85,83402.98,0.0,89500.79,89069.0
75069366113427,2480137.21,0.0,369282.36,0.0,0.0,0.0,123620.68,419663.32,0.0,0.0,0.0,269268.73,209006.54,0.0,115914.56,0.0,0.0,20309.51,796803.19,0.0,254620.32,0.0,0.0,76565.88,16968.24,26943.53,66331.76,482951.87,694632.53,106067.23,20852.84,0.0,0.0,0.0,0.0,0.0,0.0,0.0,0.0,0.0,0.0,0.0,0.0,0.0,5134035.0,-24627.0,0.0,0.0,0.0,0.0,0.0,0.0,0.0,0.0,0.0,0.0,0.0,0.0,0.0,1069745.85,0.0,0.0,0.0,0.0,1038921.81,0.0,0.0,0.0,535467.43,0.0,876768.57,421661.22,0.0,0.0,0.0,0.0,0.0,0.0,0.0,0.0,0.0,0.0,0.0,1345705.3,1032415.0,-89881.32,0.0,237553.92,0.0
75077363631207,2863572.98,0.0,0.0,0.0,1310495.45,0.0,0.0,0.0,0.0,249810.15,136873.35,0.0,773182.45,0.0,0.0,0.0,0.0,317649.03,74467.58,30006.71,157706.71,151309.0,0.0,53394.83,5169.47,82479.4,227511.53,252917.21,104469.57,43118.15,7803.13,696.34,0.0,0.0,0.0,0.0,0.0,0.0,0.0,0.0,169446.39,0.0,0.0,0.0,4088545.77,0.0,0.0,0.0,0.0,0.0,0.0,0.0,0.0,0.0,0.0,969331.93,0.0,0.0,0.0,0.0,0.0,0.0,0.0,0.0,471871.86,0.0,0.0,0.0,0.0,0.0,30243.27,0.0,441628.59,0.0,0.0,0.0,0.0,0.0,0.0,0.0,0.0,0.0,0.0,0.0,0.0,0.0,328128.3,278725.43,464052.0
75085316118392,356126.62,0.0,50046.96,0.0,0.0,0.0,92277.53,72531.6,0.0,33445.68,12968.54,18351.57,68198.54,3746.1,18461.94,0.0,0.0,3300.0,0.0,0.0,73923.88,0.0,0.0,20742.62,1675.0,8394.0,100077.88,4261.0,35191.91,1253.98,0.0,0.0,0.0,0.0,0.0,0.0,0.0,0.0,0.0,0.0,2526.0,0.0,0.0,0.0,421679.0,-15518.0,0.0,0.0,0.0,0.0,0.0,0.0,0.0,0.0,3688.0,0.0,0.0,309044.0,0.0,0.0,1883.49,0.0,0.0,0.0,0.0,124825.94,0.0,355.05,0.0,0.0,58041.49,0.0,20000.0,0.0,20000.0,1883.49,0.0,355.05,0.0,0.0,0.0,50000.0,0.0,285828.39,215123.96,0.0,23278.44,134966.89,0.0
75119010130641,1114138.02,0.0,297644.96,23746.71,0.0,526732.4,0.0,0.0,0.0,117691.92,37740.01,57028.32,62209.3,14562.7,96128.04,0.0,0.0,0.0,0.0,0.0,268297.3,20806.41,3671.61,48804.61,6028.0,25829.0,62891.64,309580.56,481666.94,32667.19,0.0,0.0,0.0,0.0,0.0,17911.45,0.0,0.0,40540.87,0.0,0.0,0.0,0.0,0.0,2625553.0,-20442.0,0.0,0.0,0.0,0.0,0.0,25380.25,48545.15,0.0,0.0,0.0,0.0,10496.14,0.0,160760.41,2549.8,0.0,0.0,0.0,1550.9,416590.36,0.0,35309.97,26115.88,170838.26,173237.9,0.0,0.0,0.0,0.0,2549.8,0.0,35309.97,0.0,0.0,0.0,0.0,0.0,613114.05,330049.71,0.0,8325.7,125478.41,316658.56
75192333330917,910360.33,0.0,123173.84,0.0,0.0,0.0,37040.16,52218.42,18995.1,84369.56,0.0,22043.45,112918.39,14017.5,35767.07,0.0,0.0,0.0,45025.61,19779.28,26542.61,0.0,0.0,16591.76,2461.33,797.0,75593.63,16152.05,49512.91,0.0,0.0,0.0,0.0,22085.9,0.0,0.0,0.0,0.0,0.0,0.0,0.0,0.0,123668.81,0.0,1401286.0,83512.88,0.0,0.0,0.0,0.0,0.0,6107.0,0.0,0.0,0.0,164634.31,0.0,0.0,0.0,805498.48,0.0,0.0,0.0,0.0,114666.0,69475.66,0.0,0.0,0.0,0.0,29675.71,61600.0,0.0,0.0,0.0,0.0,0.0,0.0,0.0,0.0,0.0,0.0,0.0,898364.43,379860.39,-159661.07,0.0,184116.63,0.0
75192336112551,753897.48,0.0,79095.09,0.0,0.0,0.0,0.0,65040.12,0.0,68721.88,6438.97,13021.47,117643.28,5292.0,22804.8,0.0,0.0,0.0,15699.96,15834.92,34133.94,3683.01,192.13,4109.38,951.34,6428.0,38459.83,32056.06,50662.1,15863.93,0.0,0.0,0.0,0.0,0.0,0.0,0.0,0.0,0.0,47394.14,0.0,0.0,0.0,0.0,708643.0,4106.0,0.0,0.0,0.0,0.0,0.0,0.0,0.0,0.0,0.0,0.0,0.0,0.0,0.0,92512.96,0.0,0.0,0.0,0.0,105790.44,0.0,0.0,0.0,0.0,0.0,194815.64,0.0,0.0,0.0,0.0,0.0,0.0,0.0,0.0,0.0,0.0,0.0,0.0,3487.76,111159.0,-163664.0,70851.85,139663.46,0.0
75572505030317,2991026.48,73550.0,615594.36,64000.04,86158.5,206524.0,0.0,0.0,0.0,296554.81,17322.35,74149.85,444794.34,27132.24,106497.61,0.0,0.0,0.0,8115.01,2572.23,981643.02,3009.98,0.0,19363.34,6274.0,26820.0,6303.35,70201.81,1354469.29,77400.82,0.0,0.0,0.0,0.0,0.0,0.0,0.0,0.0,0.0,0.0,0.0,0.0,0.0,0.0,6669006.0,0.0,0.0,0.0,0.0,781080.12,0.0,0.0,0.0,0.0,0.0,8131.11,0.0,387502.68,0.0,-91880.38,0.0,0.0,0.0,0.0,1418483.67,0.0,0.0,0.0,0.0,0.0,644657.8,0.0,0.0,0.0,0.0,0.0,0.0,0.0,0.0,387502.68,0.0,0.0,0.0,681945.49,355242.64,41213.36,0.0,164155.37,207701.0
75630151530500,496407.06,0.0,104166.66,0.0,5047.94,31083.68,0.0,64583.31,13891.56,48335.46,7070.4,16283.68,133124.6,2647.89,37915.88,0.0,0.0,-20.06,37982.46,0.0,49326.23,14204.82,0.0,12737.65,986.0,20239.8,26242.6,145944.58,170131.92,0.0,0.0,0.0,0.0,0.0,0.0,8607.0,0.0,0.0,0.0,0.0,0.0,0.0,0.0,926124.0,0.0,1693.0,0.0,0.0,0.0,0.0,0.0,8102.1,6368.0,0.0,0.0,0.0,0.0,0.0,0.0,197119.52,1000.0,0.0,0.0,0.0,34302.29,0.0,0.0,0.0,0.0,743492.33,321950.12,0.0,0.0,0.0,520504.0,1000.0,0.0,0.0,0.0,0.0,0.0,43407.45,68485.91,20567.41,88851.66,37024.34,5619.52,152364.27,123600.0
75648386040935,1142272.0,0.0,99911.0,0.0,83277.0,58414.0,36495.0,112976.0,0.0,105652.0,0.0,40464.0,158207.0,20355.0,24000.0,0.0,0.0,0.0,17820.0,675.0,23708.0,1314.0,27443.0,13427.0,0.0,35248.0,60572.0,71997.0,524967.0,26743.0,0.0,0.0,0.0,0.0,0.0,0.0,0.0,271329.0,0.0,0.0,0.0,0.0,0.0,0.0,466532.0,0.0,0.0,0.0,0.0,0.0,0.0,238168.0,0.0,146650.0,0.0,0.0,0.0,0.0,0.0,0.0,0.0,0.0,0.0,0.0,0.0,0.0,0.0,0.0,0.0,0.0,0.0,0.0,0.0,0.0,0.0,0.0,0.0,0.0,0.0,0.0,0.0,0.0,0.0,0.0,0.0,0.0,66762.0,280969.0,271329.0
75663196120158,536805.73,62984.82,0.0,8465.9,5414.08,24062.43,0.0,87718.16,71585.87,46007.02,6283.5,19932.61,86363.45,4851.32,31932.16,0.0,0.0,0.0,32839.32,2547.5,47609.81,687.38,0.0,12634.97,4063.0,14990.76,58758.3,263728.48,303405.66,42550.35,0.0,0.0,0.0,0.0,0.0,72543.1,0.0,0.0,0.0,0.0,20130.77,0.0,0.0,0.0,954550.0,0.0,0.0,0.0,0.0,0.0,0.0,0.0,0.0,0.0,2922.0,0.0,0.0,32615.6,0.0,2753.41,0.0,0.0,0.0,0.0,108110.66,0.0,0.0,0.0,22000.0,594068.09,290506.92,0.0,50000.0,0.0,365750.0,0.0,0.0,0.0,0.0,0.0,3699.75,49591.09,0.0,0.0,137797.64,-33352.0,266819.81,192825.96,0.0
75671191996586,993529.0,67005.0,90200.0,0.0,0.0,0.0,0.0,114298.0,48723.0,87068.0,20732.0,26889.0,108592.0,16048.0,105586.0,0.0,0.0,0.0,130285.0,36964.0,33323.0,173822.0,86704.0,23330.0,6323.0,50107.0,114967.0,292346.0,10697.0,39077.0,0.0,0.0,0.0,0.0,0.0,0.0,0.0,0.0,0.0,0.0,34645.0,0.0,0.0,0.0,1915403.0,0.0,0.0,0.0,0.0,0.0,0.0,0.0,0.0,63443.0,124880.0,0.0,0.0,0.0,0.0,300000.0,0.0,0.0,0.0,0.0,480354.0,0.0,0.0,1550.0,2425.0,4646849.0,207085.0,0.0,0.0,0.0,5256955.0,0.0,0.0,1550.0,0.0,0.0,0.0,0.0,0.0,-34412.0,140247.0,-173109.0,225585.0,99011.0,0.0
75705010101212,358921.79,0.0,70875.0,0.0,10529.2,35543.5,49399.95,0.0,0.0,0.0,0.0,11083.34,27510.36,1671.04,23378.96,0.0,42966.46,0.0,23566.47,679.5,87674.15,34950.38,0.0,0.0,0.0,8515.8,17944.07,78929.0,158589.28,11904.11,5421.61,0.0,0.0,0.0,0.0,7956.0,37535.17,0.0,0.0,0.0,6742.54,0.0,0.0,0.0,489541.1,0.0,0.0,0.0,0.0,0.0,0.0,198793.58,0.0,0.0,0.0,236787.13,0.0,0.0,0.0,459828.12,0.0,0.0,0.0,0.0,0.0,137673.25,0.0,0.0,0.0,20742.63,72721.87,26178.6,83333.33,74093.42,166666.67,0.0,0.0,0.0,0.0,0.0,0.0,0.0,0.0,195250.11,115736.0,-78350.29,0.0,78632.27,0.0
